Latitude,Longitude,Elevation
51.18413000,-115.582610,1388.0
51.18415000,-115.582640,1388.0
51.18418000,-115.582650,1389.0
51.18419000,-115.582610,1388.0
51.18415000,-115.582630,1388.0
51.18413000,-115.582660,1389.0
51.18411000,-115.582710,1389.0
51.18409000,-115.582780,1389.0
51.18408000,-115.582820,1389.0
51.18407000,-115.582860,1389.0
51.18405000,-115.582910,1390.0
51.18404000,-115.582970,1390.0
51.18405000,-115.583030,1390.0
51.18404000,-115.583070,1390.0
51.18405000,-115.583120,1390.0
51.18404000,-115.583170,1390.0
51.18402000,-115.583200,1390.0
51.18403000,-115.583250,1390.0
51.18406000,-115.583260,1390.0
51.18408000,-115.583270,1390.0
51.18409000,-115.583330,1390.0
51.18406000,-115.583320,1390.0
51.18403000,-115.583310,1390.0
51.18403000,-115.583360,1390.0
51.18403000,-115.583420,1390.0
51.18401000,-115.583470,1390.0
51.18398000,-115.583500,1390.0
51.18395000,-115.583530,1390.0
51.18392000,-115.583540,1390.0
51.18389000,-115.583560,1390.0
51.18387000,-115.583580,1391.0
51.18385000,-115.583620,1391.0
51.18382000,-115.583630,1391.0
51.18379000,-115.583630,1391.0
51.18376000,-115.583630,1391.0
51.18373000,-115.583620,1392.0
51.18370000,-115.583610,1392.0
51.18367000,-115.583610,1392.0
51.18363000,-115.583600,1392.0
51.18359000,-115.583600,1393.0
51.18355000,-115.583610,1393.0
51.18352000,-115.583620,1393.0
51.18349000,-115.583620,1393.0
51.18345000,-115.583620,1393.0
51.18342000,-115.583620,1393.0
51.18339000,-115.583650,1393.0
51.18335000,-115.583650,1394.0
51.18332000,-115.583640,1394.0
51.18329000,-115.583640,1394.0
51.18326000,-115.583640,1394.0
51.18322000,-115.583640,1394.0
51.18318000,-115.583650,1394.0
51.18315000,-115.583640,1394.0
51.18312000,-115.583640,1394.0
51.18309000,-115.583620,1394.0
51.18307000,-115.583590,1394.0
51.18304000,-115.583560,1394.0
51.18301000,-115.583550,1394.0
51.18298000,-115.583540,1394.0
51.18295000,-115.583530,1394.0
51.18292000,-115.583510,1394.0
51.18289000,-115.583480,1393.0
51.18286000,-115.583470,1393.0
51.18282000,-115.583470,1393.0
51.18279000,-115.583470,1393.0
51.18275000,-115.583460,1393.0
51.18272000,-115.583440,1393.0
51.18268000,-115.583420,1393.0
51.18265000,-115.583400,1393.0
51.18263000,-115.583380,1393.0
51.18259000,-115.583340,1393.0
51.18257000,-115.583320,1393.0
51.18253000,-115.583310,1393.0
51.18250000,-115.583290,1394.0
51.18247000,-115.583250,1394.0
51.18244000,-115.583240,1394.0
51.18241000,-115.583220,1394.0
51.18238000,-115.583210,1394.0
51.18235000,-115.583190,1394.0
51.18231000,-115.583180,1394.0
51.18227000,-115.583160,1394.0
51.18223000,-115.583140,1394.0
51.18220000,-115.583100,1393.0
51.18216000,-115.583090,1393.0
51.18214000,-115.583070,1393.0
51.18210000,-115.583050,1393.0
51.18208000,-115.583020,1393.0
51.18205000,-115.582990,1393.0
51.18202000,-115.582950,1393.0
51.18200000,-115.582900,1393.0
51.18196000,-115.582870,1393.0
51.18192000,-115.582850,1393.0
51.18190000,-115.582830,1393.0
51.18187000,-115.582780,1393.0
51.18186000,-115.582720,1393.0
51.18183000,-115.582680,1393.0
51.18182000,-115.582650,1393.0
51.18180000,-115.582600,1392.0
51.18178000,-115.582560,1392.0
51.18176000,-115.582530,1392.0
51.18173000,-115.582490,1392.0
51.18170000,-115.582460,1392.0
51.18169000,-115.582420,1392.0
51.18167000,-115.582380,1392.0
51.18165000,-115.582330,1391.0
51.18163000,-115.582290,1391.0
51.18159000,-115.582260,1391.0
51.18156000,-115.582230,1391.0
51.18153000,-115.582190,1391.0
51.18150000,-115.582150,1390.0
51.18148000,-115.582120,1390.0
51.18145000,-115.582090,1390.0
51.18145000,-115.582050,1390.0
51.18143000,-115.582000,1390.0
51.18141000,-115.581970,1390.0
51.18139000,-115.581940,1390.0
51.18137000,-115.581900,1390.0
51.18136000,-115.581860,1390.0
51.18137000,-115.581800,1390.0
51.18138000,-115.581750,1390.0
51.18139000,-115.581700,1390.0
51.18141000,-115.581640,1391.0
51.18143000,-115.581610,1391.0
51.18144000,-115.581550,1391.0
51.18146000,-115.581500,1391.0
51.18148000,-115.581450,1391.0
51.18151000,-115.581400,1391.0
51.18153000,-115.581360,1392.0
51.18155000,-115.581300,1392.0
51.18156000,-115.581260,1392.0
51.18157000,-115.581220,1392.0
51.18158000,-115.581180,1392.0
51.18160000,-115.581140,1392.0
51.18162000,-115.581100,1392.0
51.18161000,-115.581040,1392.0
51.18164000,-115.581020,1392.0
51.18165000,-115.580970,1392.0
51.18165000,-115.580930,1392.0
51.18165000,-115.580880,1392.0
51.18166000,-115.580820,1392.0
51.18166000,-115.580770,1392.0
51.18165000,-115.580720,1392.0
51.18164000,-115.580680,1392.0
51.18163000,-115.580630,1392.0
51.18163000,-115.580590,1392.0
51.18161000,-115.580550,1391.0
51.18158000,-115.580500,1391.0
51.18156000,-115.580450,1391.0
51.18153000,-115.580400,1391.0
51.18151000,-115.580370,1391.0
51.18148000,-115.580350,1391.0
51.18145000,-115.580320,1391.0
51.18142000,-115.580300,1391.0
51.18139000,-115.580260,1390.0
51.18137000,-115.580230,1390.0
51.18135000,-115.580190,1390.0
51.18132000,-115.580170,1390.0
51.18129000,-115.580140,1389.0
51.18127000,-115.580120,1389.0
51.18124000,-115.580100,1389.0
51.18122000,-115.580060,1389.0
51.18120000,-115.580030,1388.0
51.18117000,-115.579990,1388.0
51.18116000,-115.579940,1388.0
51.18116000,-115.579890,1388.0
51.18116000,-115.579840,1388.0
51.18116000,-115.579790,1388.0
51.18116000,-115.579740,1388.0
51.18117000,-115.579690,1388.0
51.18118000,-115.579650,1387.0
51.18119000,-115.579600,1387.0
51.18120000,-115.579540,1387.0
51.18121000,-115.579490,1387.0
51.18123000,-115.579460,1387.0
51.18125000,-115.579420,1387.0
51.18127000,-115.579370,1387.0
51.18127000,-115.579310,1387.0
51.18124000,-115.579270,1387.0
51.18122000,-115.579240,1387.0
51.18119000,-115.579220,1387.0
51.18116000,-115.579200,1387.0
51.18114000,-115.579170,1387.0
51.18112000,-115.579140,1386.0
51.18109000,-115.579120,1386.0
51.18106000,-115.579110,1386.0
51.18103000,-115.579090,1386.0
51.18099000,-115.579060,1386.0
51.18097000,-115.579040,1386.0
51.18093000,-115.579010,1385.0
51.18091000,-115.578990,1385.0
51.18087000,-115.578960,1385.0
51.18084000,-115.578930,1385.0
51.18081000,-115.578920,1385.0
51.18077000,-115.578900,1384.0
51.18075000,-115.578880,1384.0
51.18072000,-115.578860,1384.0
51.18069000,-115.578830,1384.0
51.18066000,-115.578810,1384.0
51.18063000,-115.578780,1384.0
51.18059000,-115.578750,1384.0
51.18056000,-115.578730,1384.0
51.18053000,-115.578710,1384.0
51.18050000,-115.578680,1384.0
51.18047000,-115.578660,1384.0
51.18044000,-115.578630,1384.0
51.18040000,-115.578610,1384.0
51.18036000,-115.578580,1383.0
51.18033000,-115.578560,1383.0
51.18031000,-115.578540,1383.0
51.18028000,-115.578520,1383.0
51.18025000,-115.578500,1383.0
51.18022000,-115.578480,1383.0
51.18019000,-115.578470,1383.0
51.18015000,-115.578450,1382.0
51.18011000,-115.578430,1382.0
51.18008000,-115.578410,1382.0
51.18004000,-115.578380,1382.0
51.18001000,-115.578360,1382.0
51.17998000,-115.578340,1382.0
51.17995000,-115.578330,1382.0
51.17992000,-115.578290,1382.0
51.17989000,-115.578270,1382.0
51.17986000,-115.578260,1382.0
51.17983000,-115.578250,1382.0
51.17980000,-115.578270,1382.0
51.17977000,-115.578290,1382.0
51.17975000,-115.578300,1382.0
51.17972000,-115.578300,1383.0
51.17969000,-115.578300,1383.0
51.17966000,-115.578290,1383.0
51.17963000,-115.578270,1383.0
51.17960000,-115.578250,1383.0
51.17957000,-115.578240,1384.0
51.17955000,-115.578270,1384.0
51.17953000,-115.578240,1384.0
51.17949000,-115.578240,1384.0
51.17946000,-115.578220,1384.0
51.17944000,-115.578190,1385.0
51.17943000,-115.578130,1385.0
51.17942000,-115.578080,1385.0
51.17941000,-115.578030,1385.0
51.17939000,-115.577980,1385.0
51.17937000,-115.577950,1385.0
51.17934000,-115.577910,1385.0
51.17931000,-115.577890,1386.0
51.17928000,-115.577850,1386.0
51.17925000,-115.577820,1386.0
51.17922000,-115.577800,1386.0
51.17920000,-115.577770,1386.0
51.17917000,-115.577740,1386.0
51.17915000,-115.577710,1386.0
51.17911000,-115.577680,1386.0
51.17908000,-115.577660,1386.0
51.17905000,-115.577630,1386.0
51.17902000,-115.577600,1385.0
51.17900000,-115.577560,1385.0
51.17896000,-115.577530,1385.0
51.17893000,-115.577520,1385.0
51.17890000,-115.577510,1385.0
51.17887000,-115.577480,1385.0
51.17884000,-115.577440,1385.0
51.17881000,-115.577410,1385.0
51.17878000,-115.577390,1384.0
51.17875000,-115.577370,1384.0
51.17873000,-115.577350,1384.0
51.17871000,-115.577320,1385.0
51.17868000,-115.577300,1384.0
51.17864000,-115.577270,1384.0
51.17862000,-115.577250,1384.0
51.17859000,-115.577230,1384.0
51.17856000,-115.577210,1384.0
51.17854000,-115.577180,1384.0
51.17851000,-115.577170,1384.0
51.17849000,-115.577140,1384.0
51.17846000,-115.577100,1384.0
51.17842000,-115.577060,1384.0
51.17840000,-115.577040,1384.0
51.17837000,-115.577000,1384.0
51.17835000,-115.576970,1384.0
51.17832000,-115.576950,1383.0
51.17829000,-115.576930,1383.0
51.17826000,-115.576910,1383.0
51.17823000,-115.576890,1383.0
51.17820000,-115.576880,1383.0
51.17817000,-115.576870,1383.0
51.17814000,-115.576870,1382.0
51.17811000,-115.576870,1382.0
51.17807000,-115.576850,1382.0
51.17805000,-115.576830,1382.0
51.17802000,-115.576800,1382.0
51.17799000,-115.576760,1382.0
51.17797000,-115.576730,1382.0
51.17794000,-115.576710,1382.0
51.17791000,-115.576670,1382.0
51.17789000,-115.576630,1382.0
51.17787000,-115.576590,1382.0
51.17786000,-115.576550,1383.0
51.17783000,-115.576510,1383.0
51.17781000,-115.576480,1383.0
51.17778000,-115.576440,1383.0
51.17775000,-115.576410,1383.0
51.17772000,-115.576370,1383.0
51.17770000,-115.576340,1384.0
51.17768000,-115.576300,1384.0
51.17766000,-115.576260,1384.0
51.17763000,-115.576250,1384.0
51.17760000,-115.576220,1384.0
51.17757000,-115.576170,1384.0
51.17755000,-115.576140,1384.0
51.17753000,-115.576110,1385.0
51.17751000,-115.576050,1385.0
51.17748000,-115.576020,1384.0
51.17745000,-115.575980,1384.0
51.17742000,-115.575950,1384.0
51.17740000,-115.575920,1384.0
51.17737000,-115.575870,1384.0
51.17734000,-115.575850,1384.0
51.17731000,-115.575820,1384.0
51.17728000,-115.575800,1384.0
51.17725000,-115.575790,1384.0
51.17722000,-115.575780,1384.0
51.17719000,-115.575770,1384.0
51.17716000,-115.575740,1383.0
51.17714000,-115.575720,1383.0
51.17711000,-115.575700,1383.0
51.17708000,-115.575680,1383.0
51.17706000,-115.575660,1383.0
51.17703000,-115.575630,1383.0
51.17701000,-115.575600,1383.0
51.17699000,-115.575560,1384.0
51.17696000,-115.575530,1384.0
51.17693000,-115.575510,1383.0
51.17690000,-115.575490,1383.0
51.17688000,-115.575480,1383.0
51.17684000,-115.575460,1383.0
51.17681000,-115.575450,1383.0
51.17679000,-115.575430,1383.0
51.17675000,-115.575410,1383.0
51.17672000,-115.575380,1383.0
51.17669000,-115.575370,1383.0
51.17665000,-115.575360,1383.0
51.17662000,-115.575350,1383.0
51.17658000,-115.575340,1383.0
51.17654000,-115.575320,1383.0
51.17651000,-115.575310,1383.0
51.17647000,-115.575300,1383.0
51.17644000,-115.575290,1383.0
51.17641000,-115.575280,1383.0
51.17638000,-115.575270,1383.0
51.17635000,-115.575260,1383.0
51.17631000,-115.575250,1383.0
51.17628000,-115.575240,1383.0
51.17624000,-115.575230,1383.0
51.17620000,-115.575230,1383.0
51.17618000,-115.575230,1383.0
51.17615000,-115.575230,1383.0
51.17611000,-115.575220,1383.0
51.17608000,-115.575210,1383.0
51.17605000,-115.575210,1383.0
51.17602000,-115.575200,1383.0
51.17599000,-115.575200,1382.0
51.17595000,-115.575190,1382.0
51.17593000,-115.575170,1382.0
51.17590000,-115.575160,1383.0
51.17587000,-115.575140,1383.0
51.17584000,-115.575120,1383.0
51.17580000,-115.575090,1383.0
51.17577000,-115.575060,1383.0
51.17573000,-115.575040,1384.0
51.17570000,-115.575010,1384.0
51.17568000,-115.574990,1384.0
51.17565000,-115.574970,1384.0
51.17562000,-115.574940,1385.0
51.17559000,-115.574920,1385.0
51.17556000,-115.574890,1385.0
51.17553000,-115.574870,1385.0
51.17550000,-115.574860,1385.0
51.17547000,-115.574860,1385.0
51.17543000,-115.574830,1385.0
51.17540000,-115.574810,1385.0
51.17537000,-115.574790,1385.0
51.17534000,-115.574780,1385.0
51.17531000,-115.574760,1385.0
51.17528000,-115.574750,1385.0
51.17526000,-115.574730,1385.0
51.17523000,-115.574710,1385.0
51.17521000,-115.574690,1385.0
51.17518000,-115.574680,1385.0
51.17514000,-115.574650,1385.0
51.17512000,-115.574620,1385.0
51.17509000,-115.574600,1385.0
51.17507000,-115.574580,1385.0
51.17503000,-115.574560,1385.0
51.17500000,-115.574540,1385.0
51.17497000,-115.574520,1385.0
51.17493000,-115.574500,1385.0
51.17490000,-115.574470,1385.0
51.17487000,-115.574450,1385.0
51.17484000,-115.574440,1384.0
51.17481000,-115.574420,1384.0
51.17478000,-115.574410,1384.0
51.17474000,-115.574390,1384.0
51.17471000,-115.574370,1384.0
51.17468000,-115.574360,1383.0
51.17464000,-115.574330,1383.0
51.17461000,-115.574310,1383.0
51.17458000,-115.574290,1383.0
51.17455000,-115.574270,1383.0
51.17452000,-115.574270,1383.0
51.17449000,-115.574310,1382.0
51.17447000,-115.574330,1382.0
51.17444000,-115.574330,1382.0
51.17441000,-115.574340,1382.0
51.17440000,-115.574280,1382.0
51.17441000,-115.574220,1382.0
51.17438000,-115.574200,1382.0
51.17435000,-115.574210,1382.0
51.17433000,-115.574200,1382.0
51.17432000,-115.574140,1382.0
51.17431000,-115.574090,1382.0
51.17429000,-115.574050,1383.0
51.17428000,-115.574010,1383.0
51.17427000,-115.573950,1383.0
51.17426000,-115.573900,1383.0
51.17425000,-115.573830,1384.0
51.17425000,-115.573770,1384.0
51.17425000,-115.573730,1384.0
51.17425000,-115.573680,1384.0
51.17425000,-115.573630,1384.0
51.17425000,-115.573570,1384.0
51.17424000,-115.573500,1385.0
51.17424000,-115.573460,1385.0
51.17424000,-115.573410,1385.0
51.17424000,-115.573360,1385.0
51.17424000,-115.573300,1385.0
51.17424000,-115.573240,1385.0
51.17425000,-115.573180,1385.0
51.17425000,-115.573130,1385.0
51.17425000,-115.573090,1385.0
51.17425000,-115.573030,1385.0
51.17425000,-115.572970,1386.0
51.17424000,-115.572920,1386.0
51.17424000,-115.572860,1386.0
51.17424000,-115.572800,1386.0
51.17424000,-115.572740,1386.0
51.17424000,-115.572680,1386.0
51.17424000,-115.572620,1386.0
51.17425000,-115.572560,1386.0
51.17426000,-115.572500,1386.0
51.17426000,-115.572440,1386.0
51.17426000,-115.572380,1387.0
51.17426000,-115.572310,1387.0
51.17427000,-115.572250,1387.0
51.17427000,-115.572190,1387.0
51.17427000,-115.572140,1387.0
51.17427000,-115.572100,1387.0
51.17426000,-115.572030,1387.0
51.17426000,-115.571980,1387.0
51.17425000,-115.571930,1387.0
51.17425000,-115.571880,1387.0
51.17424000,-115.571810,1387.0
51.17424000,-115.571770,1387.0
51.17423000,-115.571730,1387.0
51.17423000,-115.571660,1388.0
51.17423000,-115.571600,1388.0
51.17422000,-115.571560,1388.0
51.17422000,-115.571500,1388.0
51.17423000,-115.571440,1388.0
51.17424000,-115.571400,1388.0
51.17426000,-115.571350,1388.0
51.17427000,-115.571310,1388.0
51.17427000,-115.571260,1388.0
51.17426000,-115.571210,1388.0
51.17427000,-115.571160,1388.0
51.17428000,-115.571110,1388.0
51.17428000,-115.571050,1388.0
51.17429000,-115.571000,1388.0
51.17430000,-115.570950,1388.0
51.17430000,-115.570910,1388.0
51.17430000,-115.570860,1388.0
51.17430000,-115.570800,1388.0
51.17430000,-115.570730,1388.0
51.17430000,-115.570670,1389.0
51.17430000,-115.570610,1389.0
51.17430000,-115.570550,1389.0
51.17430000,-115.570490,1389.0
51.17430000,-115.570420,1389.0
51.17430000,-115.570360,1389.0
51.17430000,-115.570320,1389.0
51.17429000,-115.570270,1389.0
51.17429000,-115.570230,1389.0
51.17429000,-115.570180,1389.0
51.17429000,-115.570110,1388.0
51.17430000,-115.570050,1388.0
51.17429000,-115.569990,1388.0
51.17429000,-115.569930,1388.0
51.17428000,-115.569880,1388.0
51.17427000,-115.569810,1389.0
51.17427000,-115.569760,1389.0
51.17427000,-115.569720,1389.0
51.17427000,-115.569660,1389.0
51.17427000,-115.569620,1389.0
51.17426000,-115.569560,1390.0
51.17426000,-115.569510,1390.0
51.17427000,-115.569440,1391.0
51.17427000,-115.569380,1391.0
51.17427000,-115.569330,1391.0
51.17427000,-115.569280,1391.0
51.17427000,-115.569230,1391.0
51.17427000,-115.569170,1391.0
51.17427000,-115.569120,1391.0
51.17427000,-115.569060,1391.0
51.17427000,-115.569000,1391.0
51.17426000,-115.568940,1392.0
51.17426000,-115.568880,1392.0
51.17426000,-115.568830,1392.0
51.17426000,-115.568770,1392.0
51.17426000,-115.568700,1392.0
51.17426000,-115.568640,1392.0
51.17426000,-115.568580,1392.0
51.17426000,-115.568520,1392.0
51.17425000,-115.568460,1392.0
51.17424000,-115.568400,1392.0
51.17424000,-115.568350,1392.0
51.17424000,-115.568300,1392.0
51.17425000,-115.568250,1392.0
51.17426000,-115.568190,1392.0
51.17428000,-115.568150,1392.0
51.17429000,-115.568110,1392.0
51.17430000,-115.568050,1391.0
51.17431000,-115.567990,1391.0
51.17431000,-115.567950,1391.0
51.17431000,-115.567900,1391.0
51.17430000,-115.567860,1391.0
51.17429000,-115.567820,1391.0
51.17428000,-115.567760,1391.0
51.17429000,-115.567710,1391.0
51.17430000,-115.567670,1391.0
51.17433000,-115.567630,1391.0
51.17433000,-115.567580,1391.0
51.17433000,-115.567520,1391.0
51.17433000,-115.567460,1390.0
51.17432000,-115.567400,1390.0
51.17432000,-115.567330,1390.0
51.17432000,-115.567280,1390.0
51.17431000,-115.567230,1390.0
51.17431000,-115.567170,1390.0
51.17431000,-115.567120,1390.0
51.17430000,-115.567070,1390.0
51.17430000,-115.567010,1390.0
51.17430000,-115.566950,1390.0
51.17430000,-115.566910,1391.0
51.17430000,-115.566860,1391.0
51.17430000,-115.566810,1391.0
51.17429000,-115.566750,1391.0
51.17428000,-115.566690,1391.0
51.17428000,-115.566640,1392.0
51.17426000,-115.566600,1392.0
51.17424000,-115.566560,1392.0
51.17422000,-115.566520,1393.0
51.17421000,-115.566470,1393.0
51.17419000,-115.566420,1393.0
51.17417000,-115.566370,1394.0
51.17415000,-115.566310,1394.0
51.17414000,-115.566270,1394.0
51.17412000,-115.566230,1395.0
51.17411000,-115.566190,1395.0
51.17409000,-115.566140,1396.0
51.17407000,-115.566090,1396.0
51.17406000,-115.566060,1396.0
51.17403000,-115.566020,1396.0
51.17402000,-115.565980,1397.0
51.17400000,-115.565940,1397.0
51.17399000,-115.565900,1397.0
51.17400000,-115.565860,1397.0
51.17400000,-115.565820,1397.0
51.17397000,-115.565800,1397.0
51.17393000,-115.565780,1398.0
51.17390000,-115.565760,1398.0
51.17388000,-115.565730,1398.0
51.17385000,-115.565700,1398.0
51.17383000,-115.565680,1399.0
51.17380000,-115.565650,1399.0
51.17377000,-115.565620,1399.0
51.17374000,-115.565580,1399.0
51.17372000,-115.565550,1400.0
51.17368000,-115.565510,1400.0
51.17366000,-115.565490,1400.0
51.17363000,-115.565460,1400.0
51.17360000,-115.565440,1400.0
51.17358000,-115.565390,1400.0
51.17356000,-115.565340,1400.0
51.17354000,-115.565300,1400.0
51.17351000,-115.565270,1400.0
51.17350000,-115.565230,1400.0
51.17349000,-115.565180,1401.0
51.17348000,-115.565140,1401.0
51.17348000,-115.565060,1402.0
51.17348000,-115.565000,1402.0
51.17349000,-115.564950,1402.0
51.17350000,-115.564910,1402.0
51.17351000,-115.564870,1403.0
51.17352000,-115.564820,1403.0
51.17353000,-115.564760,1403.0
51.17353000,-115.564700,1404.0
51.17354000,-115.564640,1404.0
51.17354000,-115.564600,1404.0
51.17356000,-115.564540,1404.0
51.17357000,-115.564490,1404.0
51.17357000,-115.564440,1404.0
51.17358000,-115.564380,1405.0
51.17358000,-115.564330,1406.0
51.17358000,-115.564270,1407.0
51.17359000,-115.564210,1407.0
51.17360000,-115.564170,1408.0
51.17360000,-115.564120,1409.0
51.17361000,-115.564080,1409.0
51.17361000,-115.564030,1410.0
51.17362000,-115.563990,1411.0
51.17364000,-115.563940,1411.0
51.17366000,-115.563890,1411.0
51.17368000,-115.563830,1412.0
51.17369000,-115.563790,1412.0
51.17371000,-115.563740,1413.0
51.17373000,-115.563710,1413.0
51.17375000,-115.563670,1413.0
51.17375000,-115.563630,1414.0
51.17375000,-115.563570,1415.0
51.17376000,-115.563510,1416.0
51.17375000,-115.563460,1416.0
51.17375000,-115.563420,1417.0
51.17374000,-115.563360,1418.0
51.17373000,-115.563310,1419.0
51.17372000,-115.563240,1420.0
51.17370000,-115.563190,1421.0
51.17368000,-115.563150,1421.0
51.17367000,-115.563110,1422.0
51.17365000,-115.563080,1422.0
51.17363000,-115.563050,1423.0
51.17360000,-115.563010,1423.0
51.17358000,-115.562960,1424.0
51.17355000,-115.562920,1424.0
51.17353000,-115.562890,1424.0
51.17351000,-115.562840,1425.0
51.17350000,-115.562800,1425.0
51.17349000,-115.562760,1425.0
51.17346000,-115.562730,1425.0
51.17343000,-115.562710,1425.0
51.17341000,-115.562670,1426.0
51.17339000,-115.562630,1426.0
51.17336000,-115.562600,1426.0
51.17332000,-115.562580,1426.0
51.17329000,-115.562560,1426.0
51.17326000,-115.562560,1426.0
51.17323000,-115.562550,1426.0
51.17319000,-115.562530,1426.0
51.17317000,-115.562510,1426.0
51.17314000,-115.562500,1426.0
51.17311000,-115.562480,1426.0
51.17311000,-115.562420,1426.0
51.17311000,-115.562360,1427.0
51.17311000,-115.562320,1427.0
51.17311000,-115.562260,1428.0
51.17311000,-115.562210,1428.0
51.17311000,-115.562160,1429.0
51.17311000,-115.562110,1429.0
51.17310000,-115.562050,1430.0
51.17309000,-115.561980,1431.0
51.17308000,-115.561940,1431.0
51.17308000,-115.561890,1432.0
51.17307000,-115.561850,1432.0
51.17306000,-115.561810,1432.0
51.17305000,-115.561770,1433.0
51.17305000,-115.561720,1434.0
51.17305000,-115.561680,1434.0
51.17307000,-115.561640,1435.0
51.17310000,-115.561610,1436.0
51.17313000,-115.561580,1437.0
51.17318000,-115.561570,1438.0
51.17321000,-115.561570,1439.0
51.17324000,-115.561560,1439.0
51.17327000,-115.561560,1440.0
51.17330000,-115.561560,1440.0
51.17333000,-115.561560,1441.0
51.17336000,-115.561550,1441.0
51.17338000,-115.561510,1441.0
51.17339000,-115.561460,1442.0
51.17341000,-115.561420,1442.0
51.17343000,-115.561380,1443.0
51.17346000,-115.561370,1443.0
51.17349000,-115.561380,1443.0
51.17352000,-115.561370,1443.0
51.17355000,-115.561330,1443.0
51.17358000,-115.561310,1443.0
51.17361000,-115.561270,1444.0
51.17363000,-115.561250,1444.0
51.17366000,-115.561220,1444.0
51.17369000,-115.561190,1444.0
51.17372000,-115.561170,1444.0
51.17375000,-115.561160,1444.0
51.17379000,-115.561130,1444.0
51.17381000,-115.561090,1444.0
51.17383000,-115.561050,1444.0
51.17385000,-115.561010,1444.0
51.17387000,-115.560980,1444.0
51.17389000,-115.560950,1443.0
51.17390000,-115.560900,1443.0
51.17390000,-115.560850,1443.0
51.17390000,-115.560790,1444.0
51.17389000,-115.560730,1444.0
51.17387000,-115.560670,1444.0
51.17386000,-115.560620,1444.0
51.17385000,-115.560580,1444.0
51.17383000,-115.560540,1445.0
51.17382000,-115.560500,1445.0
51.17381000,-115.560450,1445.0
51.17381000,-115.560400,1445.0
51.17383000,-115.560340,1445.0
51.17384000,-115.560300,1445.0
51.17385000,-115.560260,1446.0
51.17385000,-115.560220,1446.0
51.17385000,-115.560170,1446.0
51.17384000,-115.560110,1446.0
51.17383000,-115.560050,1447.0
51.17382000,-115.560010,1447.0
51.17380000,-115.559970,1447.0
51.17380000,-115.559930,1448.0
51.17380000,-115.559860,1448.0
51.17381000,-115.559820,1449.0
51.17382000,-115.559770,1449.0
51.17383000,-115.559740,1450.0
51.17385000,-115.559700,1450.0
51.17387000,-115.559660,1451.0
51.17390000,-115.559620,1452.0
51.17392000,-115.559590,1453.0
51.17395000,-115.559560,1453.0
51.17397000,-115.559550,1454.0
51.17400000,-115.559550,1454.0
51.17403000,-115.559550,1454.0
51.17406000,-115.559560,1454.0
51.17410000,-115.559550,1455.0
51.17412000,-115.559510,1455.0
51.17414000,-115.559450,1456.0
51.17416000,-115.559420,1457.0
51.17420000,-115.559390,1457.0
51.17422000,-115.559370,1458.0
51.17425000,-115.559340,1458.0
51.17427000,-115.559310,1459.0
51.17429000,-115.559280,1459.0
51.17431000,-115.559230,1460.0
51.17433000,-115.559190,1461.0
51.17434000,-115.559140,1462.0
51.17435000,-115.559090,1462.0
51.17437000,-115.559040,1463.0
51.17439000,-115.559020,1464.0
51.17443000,-115.559010,1464.0
51.17445000,-115.558990,1465.0
51.17449000,-115.558980,1465.0
51.17451000,-115.558970,1465.0
51.17454000,-115.558950,1466.0
51.17458000,-115.558940,1466.0
51.17461000,-115.558930,1466.0
51.17464000,-115.558930,1467.0
51.17467000,-115.558920,1467.0
51.17470000,-115.558920,1467.0
51.17473000,-115.558920,1467.0
51.17476000,-115.558920,1468.0
51.17479000,-115.558920,1468.0
51.17483000,-115.558930,1469.0
51.17487000,-115.558950,1470.0
51.17490000,-115.558960,1470.0
51.17494000,-115.558980,1471.0
51.17496000,-115.558990,1471.0
51.17500000,-115.559000,1472.0
51.17502000,-115.559010,1472.0
51.17506000,-115.559030,1472.0
51.17510000,-115.559060,1472.0
51.17514000,-115.559080,1472.0
51.17517000,-115.559100,1472.0
51.17521000,-115.559120,1472.0
51.17524000,-115.559140,1472.0
51.17527000,-115.559160,1473.0
51.17530000,-115.559180,1472.0
51.17533000,-115.559190,1472.0
51.17536000,-115.559200,1473.0
51.17540000,-115.559230,1472.0
51.17543000,-115.559250,1472.0
51.17546000,-115.559270,1471.0
51.17549000,-115.559290,1471.0
51.17552000,-115.559320,1471.0
51.17554000,-115.559330,1470.0
51.17557000,-115.559350,1470.0
51.17559000,-115.559380,1470.0
51.17563000,-115.559410,1470.0
51.17565000,-115.559430,1470.0
51.17569000,-115.559440,1470.0
51.17572000,-115.559470,1471.0
51.17576000,-115.559480,1471.0
51.17578000,-115.559490,1472.0
51.17582000,-115.559510,1472.0
51.17583000,-115.559540,1472.0
51.17586000,-115.559560,1472.0
51.17589000,-115.559590,1472.0
51.17592000,-115.559620,1472.0
51.17595000,-115.559650,1472.0
51.17598000,-115.559660,1473.0
51.17602000,-115.559680,1473.0
51.17606000,-115.559690,1474.0
51.17609000,-115.559710,1474.0
51.17611000,-115.559720,1474.0
51.17615000,-115.559750,1475.0
51.17618000,-115.559770,1476.0
51.17622000,-115.559790,1476.0
51.17626000,-115.559800,1477.0
51.17629000,-115.559810,1478.0
51.17632000,-115.559830,1478.0
51.17634000,-115.559850,1478.0
51.17637000,-115.559870,1479.0
51.17640000,-115.559890,1479.0
51.17643000,-115.559900,1480.0
51.17646000,-115.559910,1480.0
51.17650000,-115.559930,1481.0
51.17653000,-115.559950,1482.0
51.17656000,-115.559970,1482.0
51.17660000,-115.559990,1483.0
51.17663000,-115.560000,1483.0
51.17665000,-115.560020,1484.0
51.17669000,-115.560050,1484.0
51.17672000,-115.560070,1484.0
51.17675000,-115.560090,1484.0
51.17678000,-115.560110,1484.0
51.17682000,-115.560110,1485.0
51.17685000,-115.560120,1485.0
51.17689000,-115.560140,1486.0
51.17692000,-115.560140,1486.0
51.17695000,-115.560150,1487.0
51.17698000,-115.560160,1487.0
51.17702000,-115.560170,1488.0
51.17705000,-115.560180,1488.0
51.17708000,-115.560180,1489.0
51.17712000,-115.560170,1490.0
51.17715000,-115.560150,1491.0
51.17715000,-115.560090,1493.0
51.17714000,-115.560050,1493.0
51.17715000,-115.560000,1495.0
51.17718000,-115.560000,1496.0
51.17721000,-115.560000,1496.0
51.17725000,-115.560000,1497.0
51.17727000,-115.560010,1497.0
51.17730000,-115.560010,1498.0
51.17730000,-115.559960,1499.0
51.17729000,-115.559920,1500.0
51.17727000,-115.559890,1500.0
51.17724000,-115.559860,1499.0
51.17721000,-115.559820,1499.0
51.17719000,-115.559800,1499.0
51.17717000,-115.559760,1500.0
51.17717000,-115.559710,1501.0
51.17720000,-115.559680,1502.0
51.17723000,-115.559670,1503.0
51.17726000,-115.559680,1504.0
51.17729000,-115.559700,1504.0
51.17732000,-115.559710,1505.0
51.17735000,-115.559720,1505.0
51.17738000,-115.559730,1506.0
51.17741000,-115.559750,1506.0
51.17744000,-115.559770,1507.0
51.17747000,-115.559790,1507.0
51.17750000,-115.559810,1508.0
51.17753000,-115.559840,1508.0
51.17756000,-115.559850,1509.0
51.17757000,-115.559810,1510.0
51.17757000,-115.559750,1511.0
51.17755000,-115.559710,1512.0
51.17753000,-115.559670,1512.0
51.17751000,-115.559630,1512.0
51.17749000,-115.559590,1512.0
51.17746000,-115.559550,1512.0
51.17743000,-115.559510,1512.0
51.17742000,-115.559470,1513.0
51.17738000,-115.559440,1512.0
51.17735000,-115.559420,1512.0
51.17733000,-115.559380,1513.0
51.17732000,-115.559330,1514.0
51.17731000,-115.559280,1515.0
51.17729000,-115.559250,1515.0
51.17727000,-115.559230,1515.0
51.17724000,-115.559210,1515.0
51.17721000,-115.559160,1516.0
51.17718000,-115.559120,1516.0
51.17717000,-115.559080,1517.0
51.17715000,-115.559030,1518.0
51.17713000,-115.558990,1519.0
51.17711000,-115.558960,1519.0
51.17709000,-115.558930,1519.0
51.17706000,-115.558890,1519.0
51.17703000,-115.558860,1519.0
51.17700000,-115.558810,1520.0
51.17698000,-115.558780,1520.0
51.17696000,-115.558730,1521.0
51.17693000,-115.558690,1521.0
51.17692000,-115.558650,1523.0
51.17690000,-115.558610,1523.0
51.17687000,-115.558580,1523.0
51.17684000,-115.558550,1524.0
51.17682000,-115.558500,1524.0
51.17680000,-115.558460,1525.0
51.17678000,-115.558430,1525.0
51.17677000,-115.558380,1526.0
51.17675000,-115.558330,1527.0
51.17674000,-115.558290,1528.0
51.17673000,-115.558250,1529.0
51.17672000,-115.558190,1530.0
51.17671000,-115.558130,1530.0
51.17671000,-115.558070,1532.0
51.17670000,-115.558010,1533.0
51.17671000,-115.557960,1535.0
51.17672000,-115.557890,1537.0
51.17670000,-115.557850,1537.0
51.17670000,-115.557800,1538.0
51.17668000,-115.557760,1539.0
51.17666000,-115.557720,1539.0
51.17663000,-115.557680,1539.0
51.17660000,-115.557640,1539.0
51.17659000,-115.557580,1540.0
51.17656000,-115.557560,1539.0
51.17651000,-115.557540,1538.0
51.17647000,-115.557520,1537.0
51.17644000,-115.557510,1536.0
51.17642000,-115.557480,1536.0
51.17639000,-115.557460,1536.0
51.17639000,-115.557410,1537.0
51.17642000,-115.557390,1538.0
51.17645000,-115.557390,1539.0
51.17649000,-115.557400,1541.0
51.17652000,-115.557410,1542.0
51.17655000,-115.557410,1543.0
51.17658000,-115.557410,1544.0
51.17662000,-115.557430,1545.0
51.17665000,-115.557450,1545.0
51.17669000,-115.557450,1547.0
51.17671000,-115.557450,1548.0
51.17672000,-115.557390,1550.0
51.17670000,-115.557340,1550.0
51.17668000,-115.557310,1550.0
51.17665000,-115.557280,1549.0
51.17663000,-115.557260,1549.0
51.17661000,-115.557230,1549.0
51.17659000,-115.557200,1550.0
51.17656000,-115.557160,1550.0
51.17653000,-115.557140,1549.0
51.17651000,-115.557110,1550.0
51.17648000,-115.557080,1550.0
51.17646000,-115.557040,1551.0
51.17643000,-115.557000,1551.0
51.17641000,-115.556970,1551.0
51.17638000,-115.556940,1551.0
51.17634000,-115.556910,1551.0
51.17632000,-115.556880,1552.0
51.17629000,-115.556840,1552.0
51.17626000,-115.556820,1552.0
51.17624000,-115.556790,1552.0
51.17621000,-115.556750,1552.0
51.17618000,-115.556700,1553.0
51.17616000,-115.556670,1553.0
51.17614000,-115.556640,1553.0
51.17611000,-115.556610,1553.0
51.17609000,-115.556580,1554.0
51.17607000,-115.556550,1554.0
51.17605000,-115.556520,1554.0
51.17602000,-115.556480,1555.0
51.17599000,-115.556440,1555.0
51.17597000,-115.556410,1555.0
51.17595000,-115.556370,1556.0
51.17592000,-115.556320,1557.0
51.17590000,-115.556280,1557.0
51.17587000,-115.556250,1557.0
51.17584000,-115.556210,1557.0
51.17581000,-115.556180,1558.0
51.17579000,-115.556150,1558.0
51.17576000,-115.556130,1558.0
51.17573000,-115.556100,1558.0
51.17571000,-115.556080,1558.0
51.17568000,-115.556050,1559.0
51.17565000,-115.556010,1560.0
51.17563000,-115.555970,1561.0
51.17560000,-115.555940,1561.0
51.17557000,-115.555910,1561.0
51.17555000,-115.555880,1562.0
51.17552000,-115.555850,1562.0
51.17550000,-115.555810,1563.0
51.17547000,-115.555770,1564.0
51.17544000,-115.555760,1564.0
51.17542000,-115.555740,1565.0
51.17539000,-115.555720,1565.0
51.17536000,-115.555690,1565.0
51.17534000,-115.555650,1566.0
51.17532000,-115.555610,1567.0
51.17529000,-115.555570,1568.0
51.17525000,-115.555550,1568.0
51.17522000,-115.555530,1568.0
51.17519000,-115.555510,1567.0
51.17517000,-115.555480,1568.0
51.17514000,-115.555450,1568.0
51.17512000,-115.555420,1568.0
51.17509000,-115.555390,1568.0
51.17507000,-115.555370,1568.0
51.17504000,-115.555350,1568.0
51.17500000,-115.555320,1567.0
51.17498000,-115.555290,1567.0
51.17495000,-115.555270,1567.0
51.17492000,-115.555230,1567.0
51.17488000,-115.555220,1565.0
51.17484000,-115.555190,1565.0
51.17482000,-115.555170,1565.0
51.17479000,-115.555150,1564.0
51.17476000,-115.555110,1564.0
51.17474000,-115.555080,1564.0
51.17471000,-115.555030,1564.0
51.17470000,-115.554980,1565.0
51.17468000,-115.554940,1565.0
51.17466000,-115.554910,1565.0
51.17463000,-115.554860,1565.0
51.17462000,-115.554800,1567.0
51.17462000,-115.554750,1568.0
51.17461000,-115.554690,1569.0
51.17462000,-115.554650,1571.0
51.17463000,-115.554610,1572.0
51.17466000,-115.554600,1573.0
51.17470000,-115.554600,1575.0
51.17473000,-115.554580,1577.0
51.17476000,-115.554600,1577.0
51.17478000,-115.554620,1578.0
51.17481000,-115.554650,1578.0
51.17483000,-115.554680,1578.0
51.17485000,-115.554720,1578.0
51.17488000,-115.554760,1578.0
51.17491000,-115.554780,1579.0
51.17494000,-115.554810,1579.0
51.17497000,-115.554830,1579.0
51.17499000,-115.554850,1580.0
51.17503000,-115.554870,1581.0
51.17506000,-115.554880,1582.0
51.17510000,-115.554900,1582.0
51.17513000,-115.554920,1583.0
51.17516000,-115.554930,1583.0
51.17519000,-115.554950,1584.0
51.17522000,-115.554950,1585.0
51.17525000,-115.554940,1586.0
51.17529000,-115.554940,1587.0
51.17532000,-115.554940,1588.0
51.17535000,-115.554930,1589.0
51.17538000,-115.554940,1590.0
51.17541000,-115.554920,1592.0
51.17544000,-115.554910,1593.0
51.17547000,-115.554910,1594.0
51.17550000,-115.554900,1595.0
51.17554000,-115.554900,1596.0
51.17557000,-115.554910,1597.0
51.17560000,-115.554910,1598.0
51.17563000,-115.554900,1599.0
51.17565000,-115.554910,1600.0
51.17568000,-115.554910,1601.0
51.17572000,-115.554910,1603.0
51.17575000,-115.554930,1603.0
51.17578000,-115.554930,1605.0
51.17582000,-115.554950,1606.0
51.17585000,-115.554960,1606.0
51.17589000,-115.554970,1608.0
51.17592000,-115.554990,1608.0
51.17594000,-115.555000,1609.0
51.17597000,-115.555020,1609.0
51.17600000,-115.555040,1610.0
51.17604000,-115.555050,1611.0
51.17607000,-115.555060,1611.0
51.17610000,-115.555070,1612.0
51.17614000,-115.555090,1613.0
51.17618000,-115.555100,1614.0
51.17621000,-115.555120,1614.0
51.17624000,-115.555130,1614.0
51.17627000,-115.555140,1615.0
51.17625000,-115.555090,1616.0
51.17623000,-115.555050,1617.0
51.17621000,-115.555010,1618.0
51.17618000,-115.554980,1618.0
51.17616000,-115.554950,1619.0
51.17613000,-115.554910,1619.0
51.17610000,-115.554880,1619.0
51.17608000,-115.554840,1619.0
51.17606000,-115.554800,1620.0
51.17603000,-115.554760,1620.0
51.17602000,-115.554720,1621.0
51.17600000,-115.554690,1621.0
51.17596000,-115.554660,1621.0
51.17593000,-115.554630,1621.0
51.17591000,-115.554610,1621.0
51.17588000,-115.554570,1621.0
51.17585000,-115.554540,1621.0
51.17582000,-115.554510,1620.0
51.17579000,-115.554480,1620.0
51.17577000,-115.554450,1620.0
51.17574000,-115.554420,1620.0
51.17571000,-115.554370,1620.0
51.17569000,-115.554330,1621.0
51.17567000,-115.554300,1621.0
51.17565000,-115.554250,1621.0
51.17563000,-115.554220,1621.0
51.17561000,-115.554180,1622.0
51.17558000,-115.554140,1622.0
51.17556000,-115.554110,1622.0
51.17553000,-115.554060,1622.0
51.17551000,-115.554020,1623.0
51.17549000,-115.553980,1623.0
51.17546000,-115.553950,1623.0
51.17544000,-115.553910,1623.0
51.17542000,-115.553870,1624.0
51.17540000,-115.553830,1624.0
51.17537000,-115.553810,1623.0
51.17534000,-115.553770,1623.0
51.17532000,-115.553720,1623.0
51.17530000,-115.553680,1624.0
51.17528000,-115.553640,1624.0
51.17525000,-115.553610,1624.0
51.17523000,-115.553580,1624.0
51.17521000,-115.553550,1624.0
51.17518000,-115.553520,1624.0
51.17516000,-115.553500,1624.0
51.17513000,-115.553460,1624.0
51.17511000,-115.553430,1625.0
51.17509000,-115.553390,1625.0
51.17506000,-115.553340,1626.0
51.17503000,-115.553300,1625.0
51.17501000,-115.553250,1625.0
51.17499000,-115.553190,1626.0
51.17497000,-115.553140,1626.0
51.17497000,-115.553080,1627.0
51.17495000,-115.553040,1627.0
51.17494000,-115.553000,1627.0
51.17492000,-115.552960,1627.0
51.17491000,-115.552920,1628.0
51.17489000,-115.552870,1628.0
51.17487000,-115.552820,1628.0
51.17485000,-115.552770,1628.0
51.17484000,-115.552730,1628.0
51.17482000,-115.552690,1628.0
51.17480000,-115.552660,1627.0
51.17478000,-115.552630,1627.0
51.17475000,-115.552580,1626.0
51.17472000,-115.552550,1625.0
51.17469000,-115.552520,1624.0
51.17466000,-115.552480,1623.0
51.17463000,-115.552440,1623.0
51.17461000,-115.552400,1622.0
51.17458000,-115.552370,1622.0
51.17456000,-115.552340,1621.0
51.17454000,-115.552310,1621.0
51.17451000,-115.552280,1620.0
51.17449000,-115.552260,1620.0
51.17446000,-115.552230,1619.0
51.17444000,-115.552210,1618.0
51.17441000,-115.552170,1618.0
51.17439000,-115.552120,1617.0
51.17440000,-115.552060,1618.0
51.17441000,-115.552010,1618.0
51.17444000,-115.551990,1618.0
51.17447000,-115.552000,1619.0
51.17450000,-115.552020,1619.0
51.17452000,-115.552050,1619.0
51.17456000,-115.552080,1620.0
51.17459000,-115.552100,1621.0
51.17463000,-115.552120,1622.0
51.17467000,-115.552140,1623.0
51.17470000,-115.552170,1625.0
51.17472000,-115.552210,1627.0
51.17475000,-115.552240,1628.0
51.17478000,-115.552250,1629.0
51.17481000,-115.552280,1630.0
51.17484000,-115.552300,1630.0
51.17487000,-115.552330,1631.0
51.17489000,-115.552350,1632.0
51.17492000,-115.552370,1632.0
51.17495000,-115.552380,1633.0
51.17498000,-115.552400,1634.0
51.17500000,-115.552430,1635.0
51.17503000,-115.552460,1635.0
51.17506000,-115.552490,1636.0
51.17509000,-115.552500,1637.0
51.17513000,-115.552500,1638.0
51.17516000,-115.552490,1639.0
51.17519000,-115.552490,1639.0
51.17522000,-115.552490,1640.0
51.17525000,-115.552500,1641.0
51.17527000,-115.552500,1641.0
51.17531000,-115.552520,1642.0
51.17533000,-115.552530,1642.0
51.17536000,-115.552540,1643.0
51.17537000,-115.552590,1643.0
51.17540000,-115.552620,1644.0
51.17543000,-115.552640,1645.0
51.17546000,-115.552670,1646.0
51.17548000,-115.552700,1647.0
51.17550000,-115.552750,1649.0
51.17553000,-115.552790,1651.0
51.17556000,-115.552800,1651.0
51.17559000,-115.552810,1652.0
51.17563000,-115.552820,1654.0
51.17566000,-115.552820,1655.0
51.17569000,-115.552800,1656.0
51.17572000,-115.552780,1657.0
51.17575000,-115.552760,1657.0
51.17578000,-115.552750,1658.0
51.17580000,-115.552740,1658.0
51.17583000,-115.552730,1658.0
51.17586000,-115.552710,1658.0
51.17589000,-115.552700,1658.0
51.17593000,-115.552710,1660.0
51.17595000,-115.552700,1660.0
51.17599000,-115.552700,1661.0
51.17602000,-115.552710,1663.0
51.17605000,-115.552720,1665.0
51.17608000,-115.552730,1667.0
51.17611000,-115.552720,1667.0
51.17614000,-115.552710,1668.0
51.17617000,-115.552710,1669.0
51.17620000,-115.552690,1668.0
51.17623000,-115.552650,1668.0
51.17626000,-115.552650,1669.0
51.17629000,-115.552670,1671.0
51.17629000,-115.552720,1673.0
51.17628000,-115.552770,1676.0
51.17627000,-115.552810,1675.0
51.17625000,-115.552850,1675.0
51.17624000,-115.552900,1674.0
51.17625000,-115.552940,1674.0
51.17629000,-115.552960,1675.0
51.17632000,-115.552960,1675.0
51.17635000,-115.552960,1676.0
51.17639000,-115.552950,1677.0
51.17642000,-115.552940,1678.0
51.17646000,-115.552930,1678.0
51.17649000,-115.552920,1679.0
51.17652000,-115.552920,1679.0
51.17655000,-115.552930,1679.0
51.17658000,-115.552940,1680.0
51.17661000,-115.552950,1680.0
51.17664000,-115.552960,1680.0
51.17667000,-115.552970,1681.0
51.17670000,-115.552990,1681.0
51.17673000,-115.553000,1681.0
51.17676000,-115.553010,1682.0
51.17679000,-115.553020,1682.0
51.17682000,-115.553030,1682.0
51.17685000,-115.553050,1682.0
51.17688000,-115.553050,1683.0
51.17691000,-115.553070,1683.0
51.17693000,-115.553090,1684.0
51.17696000,-115.553110,1684.0
51.17699000,-115.553140,1685.0
51.17702000,-115.553170,1686.0
51.17705000,-115.553190,1687.0
51.17708000,-115.553210,1687.0
51.17710000,-115.553250,1688.0
51.17713000,-115.553290,1689.0
51.17714000,-115.553330,1690.0
51.17715000,-115.553390,1689.0
51.17717000,-115.553450,1688.0
51.17720000,-115.553480,1688.0
51.17723000,-115.553510,1688.0
51.17729000,-115.553530,1689.0
51.17733000,-115.553550,1689.0
51.17736000,-115.553570,1690.0
51.17738000,-115.553590,1690.0
51.17741000,-115.553610,1690.0
51.17743000,-115.553640,1690.0
51.17745000,-115.553660,1690.0
51.17748000,-115.553690,1690.0
51.17751000,-115.553700,1690.0
51.17751000,-115.553750,1689.0
51.17750000,-115.553790,1689.0
51.17747000,-115.553820,1688.0
51.17746000,-115.553860,1687.0
51.17743000,-115.553850,1687.0
51.17741000,-115.553810,1687.0
51.17740000,-115.553780,1687.0
51.17737000,-115.553730,1687.0
51.17734000,-115.553720,1687.0
51.17731000,-115.553710,1687.0
51.17728000,-115.553690,1686.0
51.17724000,-115.553650,1686.0
51.17722000,-115.553600,1687.0
51.17720000,-115.553560,1687.0
51.17719000,-115.553490,1688.0
51.17719000,-115.553440,1689.0
51.17719000,-115.553390,1690.0
51.17719000,-115.553350,1690.0
51.17719000,-115.553300,1690.0
51.17717000,-115.553240,1689.0
51.17715000,-115.553200,1689.0
51.17713000,-115.553160,1688.0
51.17709000,-115.553120,1687.0
51.17706000,-115.553110,1686.0
51.17703000,-115.553080,1685.0
51.17700000,-115.553060,1685.0
51.17697000,-115.553040,1684.0
51.17693000,-115.553030,1683.0
51.17688000,-115.553000,1683.0
51.17684000,-115.552990,1682.0
51.17680000,-115.552970,1682.0
51.17675000,-115.552950,1681.0
51.17671000,-115.552940,1681.0
51.17668000,-115.552930,1681.0
51.17664000,-115.552920,1681.0
51.17661000,-115.552930,1680.0
51.17656000,-115.552930,1680.0
51.17653000,-115.552930,1679.0
51.17650000,-115.552930,1679.0
51.17646000,-115.552940,1678.0
51.17641000,-115.552940,1678.0
51.17638000,-115.552950,1677.0
51.17632000,-115.552950,1676.0
51.17627000,-115.552960,1674.0
51.17622000,-115.552960,1673.0
51.17617000,-115.552960,1672.0
51.17614000,-115.552940,1671.0
51.17611000,-115.552940,1670.0
51.17608000,-115.552910,1669.0
51.17605000,-115.552900,1668.0
51.17601000,-115.552900,1667.0
51.17596000,-115.552890,1665.0
51.17591000,-115.552880,1663.0
51.17588000,-115.552880,1662.0
51.17585000,-115.552860,1661.0
51.17582000,-115.552850,1660.0
51.17577000,-115.552840,1658.0
51.17572000,-115.552820,1657.0
51.17568000,-115.552810,1655.0
51.17563000,-115.552800,1654.0
51.17560000,-115.552790,1653.0
51.17557000,-115.552770,1652.0
51.17553000,-115.552740,1650.0
51.17550000,-115.552710,1648.0
51.17547000,-115.552690,1647.0
51.17544000,-115.552670,1646.0
51.17540000,-115.552620,1644.0
51.17537000,-115.552570,1643.0
51.17533000,-115.552530,1642.0
51.17527000,-115.552520,1641.0
51.17522000,-115.552520,1640.0
51.17517000,-115.552520,1639.0
51.17513000,-115.552510,1638.0
51.17511000,-115.552480,1637.0
51.17509000,-115.552440,1637.0
51.17507000,-115.552410,1636.0
51.17504000,-115.552390,1636.0
51.17500000,-115.552370,1635.0
51.17497000,-115.552360,1634.0
51.17493000,-115.552340,1633.0
51.17489000,-115.552310,1632.0
51.17486000,-115.552290,1631.0
51.17483000,-115.552250,1630.0
51.17479000,-115.552240,1629.0
51.17477000,-115.552220,1629.0
51.17472000,-115.552180,1626.0
51.17468000,-115.552150,1624.0
51.17465000,-115.552140,1623.0
51.17461000,-115.552120,1621.0
51.17458000,-115.552090,1620.0
51.17454000,-115.552060,1619.0
51.17450000,-115.552030,1619.0
51.17447000,-115.552010,1619.0
51.17444000,-115.552010,1618.0
51.17441000,-115.552050,1618.0
51.17441000,-115.552110,1618.0
51.17443000,-115.552160,1618.0
51.17446000,-115.552210,1619.0
51.17448000,-115.552240,1619.0
51.17450000,-115.552270,1620.0
51.17453000,-115.552300,1621.0
51.17455000,-115.552320,1621.0
51.17458000,-115.552360,1622.0
51.17460000,-115.552390,1622.0
51.17463000,-115.552430,1623.0
51.17466000,-115.552470,1624.0
51.17469000,-115.552500,1624.0
51.17471000,-115.552520,1625.0
51.17474000,-115.552550,1626.0
51.17476000,-115.552600,1626.0
51.17478000,-115.552640,1627.0
51.17480000,-115.552680,1627.0
51.17481000,-115.552730,1627.0
51.17483000,-115.552790,1627.0
51.17485000,-115.552840,1627.0
51.17488000,-115.552910,1627.0
51.17489000,-115.552980,1626.0
51.17491000,-115.553060,1625.0
51.17493000,-115.553100,1625.0
51.17495000,-115.553150,1625.0
51.17497000,-115.553200,1625.0
51.17500000,-115.553270,1625.0
51.17504000,-115.553320,1625.0
51.17507000,-115.553360,1625.0
51.17509000,-115.553410,1624.0
51.17511000,-115.553440,1624.0
51.17513000,-115.553470,1624.0
51.17516000,-115.553520,1623.0
51.17519000,-115.553560,1623.0
51.17522000,-115.553610,1623.0
51.17525000,-115.553660,1622.0
51.17528000,-115.553700,1622.0
51.17530000,-115.553750,1622.0
51.17533000,-115.553780,1622.0
51.17535000,-115.553830,1621.0
51.17538000,-115.553870,1622.0
51.17540000,-115.553920,1621.0
51.17543000,-115.553960,1621.0
51.17545000,-115.554000,1621.0
51.17548000,-115.554050,1620.0
51.17551000,-115.554110,1620.0
51.17554000,-115.554150,1619.0
51.17557000,-115.554210,1619.0
51.17560000,-115.554260,1619.0
51.17564000,-115.554320,1619.0
51.17567000,-115.554370,1619.0
51.17571000,-115.554400,1619.0
51.17573000,-115.554430,1619.0
51.17578000,-115.554470,1620.0
51.17582000,-115.554520,1620.0
51.17585000,-115.554550,1620.0
51.17587000,-115.554580,1620.0
51.17590000,-115.554640,1619.0
51.17594000,-115.554680,1619.0
51.17598000,-115.554710,1620.0
51.17600000,-115.554760,1619.0
51.17603000,-115.554780,1619.0
51.17606000,-115.554820,1619.0
51.17608000,-115.554860,1619.0
51.17611000,-115.554900,1619.0
51.17613000,-115.554930,1618.0
51.17615000,-115.554970,1618.0
51.17617000,-115.555020,1616.0
51.17612000,-115.555040,1614.0
51.17608000,-115.555020,1613.0
51.17603000,-115.555010,1612.0
51.17601000,-115.555010,1611.0
51.17596000,-115.555000,1610.0
51.17593000,-115.555000,1608.0
51.17591000,-115.554990,1608.0
51.17587000,-115.554980,1607.0
51.17585000,-115.554970,1606.0
51.17581000,-115.554960,1605.0
51.17578000,-115.554960,1604.0
51.17575000,-115.554950,1603.0
51.17570000,-115.554950,1601.0
51.17567000,-115.554950,1600.0
51.17564000,-115.554940,1599.0
51.17561000,-115.554940,1597.0
51.17558000,-115.554930,1596.0
51.17554000,-115.554920,1595.0
51.17551000,-115.554910,1595.0
51.17549000,-115.554870,1595.0
51.17547000,-115.554830,1596.0
51.17545000,-115.554800,1596.0
51.17542000,-115.554780,1596.0
51.17539000,-115.554760,1595.0
51.17535000,-115.554750,1594.0
51.17533000,-115.554730,1594.0
51.17530000,-115.554700,1594.0
51.17526000,-115.554680,1593.0
51.17527000,-115.554750,1592.0
51.17528000,-115.554810,1590.0
51.17527000,-115.554860,1589.0
51.17523000,-115.554870,1587.0
51.17520000,-115.554870,1586.0
51.17517000,-115.554870,1585.0
51.17511000,-115.554850,1584.0
51.17507000,-115.554850,1583.0
51.17502000,-115.554840,1581.0
51.17499000,-115.554840,1580.0
51.17496000,-115.554830,1579.0
51.17493000,-115.554810,1579.0
51.17491000,-115.554790,1578.0
51.17488000,-115.554750,1578.0
51.17486000,-115.554690,1579.0
51.17484000,-115.554650,1579.0
51.17481000,-115.554630,1579.0
51.17477000,-115.554580,1578.0
51.17474000,-115.554560,1578.0
51.17472000,-115.554540,1578.0
51.17468000,-115.554510,1577.0
51.17463000,-115.554490,1575.0
51.17462000,-115.554530,1574.0
51.17462000,-115.554590,1572.0
51.17462000,-115.554640,1571.0
51.17462000,-115.554690,1569.0
51.17463000,-115.554770,1568.0
51.17464000,-115.554850,1566.0
51.17466000,-115.554940,1565.0
51.17469000,-115.554990,1565.0
51.17472000,-115.555020,1565.0
51.17474000,-115.555060,1564.0
51.17476000,-115.555100,1564.0
51.17479000,-115.555120,1565.0
51.17481000,-115.555160,1564.0
51.17483000,-115.555190,1564.0
51.17486000,-115.555210,1565.0
51.17488000,-115.555240,1565.0
51.17490000,-115.555270,1565.0
51.17493000,-115.555310,1565.0
51.17496000,-115.555350,1565.0
51.17500000,-115.555370,1566.0
51.17504000,-115.555400,1566.0
51.17508000,-115.555430,1566.0
51.17512000,-115.555470,1566.0
51.17515000,-115.555520,1566.0
51.17518000,-115.555560,1566.0
51.17520000,-115.555580,1565.0
51.17523000,-115.555600,1565.0
51.17527000,-115.555640,1565.0
51.17531000,-115.555660,1565.0
51.17532000,-115.555700,1564.0
51.17535000,-115.555730,1564.0
51.17537000,-115.555750,1563.0
51.17542000,-115.555770,1563.0
51.17545000,-115.555810,1563.0
51.17548000,-115.555830,1562.0
51.17551000,-115.555860,1562.0
51.17553000,-115.555880,1561.0
51.17556000,-115.555910,1561.0
51.17559000,-115.555930,1561.0
51.17561000,-115.555960,1560.0
51.17564000,-115.556010,1559.0
51.17566000,-115.556040,1559.0
51.17571000,-115.556080,1558.0
51.17575000,-115.556140,1558.0
51.17577000,-115.556170,1557.0
51.17578000,-115.556220,1556.0
51.17580000,-115.556260,1555.0
51.17585000,-115.556310,1555.0
51.17589000,-115.556360,1554.0
51.17592000,-115.556380,1555.0
51.17594000,-115.556410,1554.0
51.17596000,-115.556450,1554.0
51.17598000,-115.556480,1553.0
51.17600000,-115.556520,1553.0
51.17602000,-115.556560,1552.0
51.17605000,-115.556600,1552.0
51.17608000,-115.556630,1552.0
51.17609000,-115.556680,1550.0
51.17612000,-115.556710,1551.0
51.17615000,-115.556740,1551.0
51.17619000,-115.556800,1550.0
51.17623000,-115.556840,1550.0
51.17626000,-115.556880,1550.0
51.17629000,-115.556910,1550.0
51.17632000,-115.556940,1550.0
51.17634000,-115.556970,1549.0
51.17637000,-115.557000,1549.0
51.17640000,-115.557040,1549.0
51.17643000,-115.557070,1548.0
51.17646000,-115.557110,1548.0
51.17649000,-115.557140,1548.0
51.17652000,-115.557170,1548.0
51.17654000,-115.557210,1547.0
51.17656000,-115.557240,1547.0
51.17660000,-115.557290,1547.0
51.17662000,-115.557330,1547.0
51.17664000,-115.557360,1547.0
51.17666000,-115.557400,1547.0
51.17661000,-115.557410,1545.0
51.17658000,-115.557400,1544.0
51.17654000,-115.557390,1543.0
51.17651000,-115.557380,1542.0
51.17646000,-115.557380,1540.0
51.17645000,-115.557430,1539.0
51.17648000,-115.557490,1538.0
51.17651000,-115.557550,1538.0
51.17654000,-115.557610,1537.0
51.17656000,-115.557640,1537.0
51.17660000,-115.557700,1537.0
51.17662000,-115.557730,1537.0
51.17665000,-115.557770,1537.0
51.17666000,-115.557820,1536.0
51.17665000,-115.557860,1535.0
51.17664000,-115.557930,1533.0
51.17666000,-115.558010,1532.0
51.17666000,-115.558050,1530.0
51.17667000,-115.558120,1529.0
51.17669000,-115.558200,1528.0
51.17670000,-115.558250,1527.0
51.17671000,-115.558290,1527.0
51.17673000,-115.558330,1527.0
51.17675000,-115.558380,1526.0
51.17677000,-115.558420,1525.0
51.17678000,-115.558460,1524.0
51.17680000,-115.558500,1524.0
51.17681000,-115.558550,1523.0
51.17683000,-115.558600,1522.0
51.17685000,-115.558670,1520.0
51.17690000,-115.558730,1519.0
51.17692000,-115.558780,1519.0
51.17694000,-115.558800,1518.0
51.17698000,-115.558870,1517.0
51.17700000,-115.558900,1517.0
51.17702000,-115.558940,1517.0
51.17704000,-115.558980,1516.0
51.17706000,-115.559010,1516.0
51.17708000,-115.559040,1516.0
51.17712000,-115.559100,1515.0
51.17714000,-115.559130,1515.0
51.17717000,-115.559180,1514.0
51.17721000,-115.559240,1513.0
51.17724000,-115.559300,1512.0
51.17726000,-115.559330,1512.0
51.17729000,-115.559370,1512.0
51.17731000,-115.559410,1511.0
51.17733000,-115.559460,1510.0
51.17735000,-115.559490,1510.0
51.17738000,-115.559520,1510.0
51.17741000,-115.559560,1510.0
51.17744000,-115.559590,1511.0
51.17746000,-115.559630,1510.0
51.17748000,-115.559660,1510.0
51.17750000,-115.559700,1510.0
51.17752000,-115.559740,1510.0
51.17755000,-115.559780,1510.0
51.17756000,-115.559820,1509.0
51.17753000,-115.559830,1508.0
51.17750000,-115.559800,1508.0
51.17746000,-115.559780,1507.0
51.17741000,-115.559760,1506.0
51.17736000,-115.559760,1505.0
51.17733000,-115.559760,1504.0
51.17729000,-115.559770,1503.0
51.17726000,-115.559810,1501.0
51.17725000,-115.559850,1500.0
51.17728000,-115.559880,1500.0
51.17731000,-115.559910,1500.0
51.17732000,-115.559960,1500.0
51.17729000,-115.559980,1499.0
51.17726000,-115.559990,1498.0
51.17722000,-115.560000,1496.0
51.17719000,-115.560020,1495.0
51.17718000,-115.560060,1494.0
51.17717000,-115.560110,1493.0
51.17716000,-115.560150,1491.0
51.17711000,-115.560160,1490.0
51.17708000,-115.560150,1490.0
51.17705000,-115.560140,1489.0
51.17701000,-115.560120,1489.0
51.17698000,-115.560100,1489.0
51.17695000,-115.560090,1488.0
51.17692000,-115.560080,1488.0
51.17690000,-115.560070,1488.0
51.17687000,-115.560060,1487.0
51.17684000,-115.560040,1487.0
51.17681000,-115.560030,1487.0
51.17678000,-115.560020,1486.0
51.17675000,-115.560000,1486.0
51.17672000,-115.559980,1486.0
51.17670000,-115.559960,1486.0
51.17667000,-115.559940,1486.0
51.17664000,-115.559920,1485.0
51.17661000,-115.559900,1485.0
51.17658000,-115.559880,1484.0
51.17655000,-115.559860,1484.0
51.17651000,-115.559850,1483.0
51.17648000,-115.559840,1483.0
51.17645000,-115.559830,1482.0
51.17642000,-115.559820,1481.0
51.17639000,-115.559830,1480.0
51.17636000,-115.559840,1479.0
51.17634000,-115.559810,1479.0
51.17631000,-115.559780,1479.0
51.17627000,-115.559740,1479.0
51.17624000,-115.559720,1478.0
51.17622000,-115.559700,1478.0
51.17619000,-115.559680,1478.0
51.17616000,-115.559650,1478.0
51.17613000,-115.559630,1477.0
51.17611000,-115.559610,1477.0
51.17608000,-115.559590,1477.0
51.17605000,-115.559570,1476.0
51.17603000,-115.559550,1476.0
51.17600000,-115.559530,1476.0
51.17598000,-115.559520,1476.0
51.17594000,-115.559490,1475.0
51.17591000,-115.559470,1475.0
51.17589000,-115.559450,1475.0
51.17586000,-115.559440,1474.0
51.17583000,-115.559430,1474.0
51.17580000,-115.559410,1474.0
51.17576000,-115.559400,1473.0
51.17573000,-115.559380,1473.0
51.17571000,-115.559360,1473.0
51.17567000,-115.559340,1473.0
51.17564000,-115.559320,1472.0
51.17562000,-115.559290,1473.0
51.17560000,-115.559260,1473.0
51.17557000,-115.559240,1473.0
51.17554000,-115.559220,1473.0
51.17550000,-115.559210,1473.0
51.17547000,-115.559180,1474.0
51.17544000,-115.559160,1474.0
51.17541000,-115.559140,1474.0
51.17539000,-115.559120,1474.0
51.17536000,-115.559100,1475.0
51.17534000,-115.559070,1475.0
51.17531000,-115.559050,1475.0
51.17528000,-115.559030,1476.0
51.17525000,-115.559020,1475.0
51.17521000,-115.559000,1475.0
51.17518000,-115.558990,1475.0
51.17516000,-115.558980,1474.0
51.17513000,-115.558970,1474.0
51.17510000,-115.558960,1474.0
51.17507000,-115.558940,1474.0
51.17504000,-115.558930,1473.0
51.17501000,-115.558920,1473.0
51.17497000,-115.558910,1473.0
51.17493000,-115.558890,1472.0
51.17491000,-115.558880,1472.0
51.17488000,-115.558870,1471.0
51.17485000,-115.558850,1471.0
51.17481000,-115.558850,1470.0
51.17477000,-115.558850,1469.0
51.17474000,-115.558840,1469.0
51.17470000,-115.558830,1468.0
51.17466000,-115.558820,1468.0
51.17463000,-115.558820,1468.0
51.17460000,-115.558860,1468.0
51.17458000,-115.558890,1467.0
51.17456000,-115.558930,1466.0
51.17453000,-115.558960,1466.0
51.17450000,-115.558970,1465.0
51.17447000,-115.558970,1465.0
51.17443000,-115.558970,1465.0
51.17440000,-115.558990,1464.0
51.17438000,-115.559020,1464.0
51.17436000,-115.559070,1463.0
51.17433000,-115.559120,1462.0
51.17432000,-115.559190,1461.0
51.17430000,-115.559240,1460.0
51.17428000,-115.559280,1459.0
51.17426000,-115.559310,1459.0
51.17424000,-115.559350,1458.0
51.17421000,-115.559370,1458.0
51.17419000,-115.559400,1457.0
51.17416000,-115.559440,1457.0
51.17414000,-115.559470,1456.0
51.17412000,-115.559510,1455.0
51.17409000,-115.559520,1455.0
51.17406000,-115.559520,1455.0
51.17403000,-115.559500,1455.0
51.17401000,-115.559500,1455.0
51.17397000,-115.559500,1454.0
51.17394000,-115.559530,1454.0
51.17391000,-115.559570,1453.0
51.17389000,-115.559630,1452.0
51.17387000,-115.559680,1451.0
51.17384000,-115.559720,1450.0
51.17382000,-115.559770,1449.0
51.17381000,-115.559810,1449.0
51.17381000,-115.559870,1448.0
51.17381000,-115.559920,1448.0
51.17382000,-115.559960,1447.0
51.17383000,-115.560010,1447.0
51.17384000,-115.560070,1447.0
51.17384000,-115.560120,1446.0
51.17384000,-115.560180,1446.0
51.17384000,-115.560230,1446.0
51.17384000,-115.560280,1445.0
51.17382000,-115.560330,1445.0
51.17381000,-115.560370,1445.0
51.17381000,-115.560420,1445.0
51.17382000,-115.560480,1445.0
51.17383000,-115.560530,1445.0
51.17384000,-115.560570,1444.0
51.17386000,-115.560620,1444.0
51.17387000,-115.560660,1444.0
51.17388000,-115.560710,1444.0
51.17390000,-115.560770,1444.0
51.17390000,-115.560820,1444.0
51.17390000,-115.560890,1443.0
51.17390000,-115.560930,1443.0
51.17389000,-115.560980,1443.0
51.17388000,-115.561030,1444.0
51.17387000,-115.561060,1444.0
51.17384000,-115.561120,1444.0
51.17382000,-115.561150,1444.0
51.17380000,-115.561170,1443.0
51.17376000,-115.561190,1444.0
51.17373000,-115.561220,1443.0
51.17370000,-115.561250,1443.0
51.17367000,-115.561280,1443.0
51.17364000,-115.561300,1443.0
51.17361000,-115.561330,1443.0
51.17358000,-115.561350,1443.0
51.17356000,-115.561380,1443.0
51.17353000,-115.561390,1442.0
51.17349000,-115.561400,1442.0
51.17346000,-115.561400,1442.0
51.17343000,-115.561430,1442.0
51.17340000,-115.561460,1442.0
51.17339000,-115.561500,1441.0
51.17337000,-115.561550,1441.0
51.17334000,-115.561570,1441.0
51.17331000,-115.561570,1440.0
51.17328000,-115.561570,1440.0
51.17324000,-115.561570,1439.0
51.17320000,-115.561570,1438.0
51.17316000,-115.561570,1438.0
51.17313000,-115.561580,1437.0
51.17310000,-115.561600,1436.0
51.17308000,-115.561640,1435.0
51.17307000,-115.561700,1434.0
51.17307000,-115.561760,1433.0
51.17308000,-115.561800,1433.0
51.17310000,-115.561870,1432.0
51.17311000,-115.561920,1432.0
51.17311000,-115.561970,1431.0
51.17311000,-115.562020,1430.0
51.17311000,-115.562080,1430.0
51.17311000,-115.562140,1429.0
51.17310000,-115.562200,1428.0
51.17310000,-115.562250,1428.0
51.17309000,-115.562310,1427.0
51.17309000,-115.562360,1427.0
51.17310000,-115.562400,1426.0
51.17311000,-115.562450,1426.0
51.17314000,-115.562470,1426.0
51.17317000,-115.562480,1426.0
51.17320000,-115.562490,1426.0
51.17323000,-115.562510,1426.0
51.17326000,-115.562540,1426.0
51.17329000,-115.562560,1426.0
51.17331000,-115.562580,1426.0
51.17334000,-115.562610,1426.0
51.17338000,-115.562650,1426.0
51.17341000,-115.562680,1425.0
51.17344000,-115.562710,1425.0
51.17346000,-115.562750,1425.0
51.17348000,-115.562790,1425.0
51.17351000,-115.562820,1425.0
51.17354000,-115.562840,1425.0
51.17356000,-115.562880,1424.0
51.17357000,-115.562930,1424.0
51.17360000,-115.562970,1423.0
51.17362000,-115.563000,1423.0
51.17364000,-115.563040,1423.0
51.17366000,-115.563080,1422.0
51.17369000,-115.563130,1421.0
51.17371000,-115.563190,1421.0
51.17372000,-115.563240,1420.0
51.17372000,-115.563280,1420.0
51.17371000,-115.563350,1419.0
51.17371000,-115.563410,1418.0
51.17371000,-115.563490,1417.0
51.17372000,-115.563550,1415.0
51.17371000,-115.563610,1415.0
51.17370000,-115.563680,1414.0
51.17368000,-115.563730,1413.0
51.17367000,-115.563790,1413.0
51.17366000,-115.563840,1412.0
51.17364000,-115.563890,1412.0
51.17363000,-115.563940,1411.0
51.17362000,-115.564000,1410.0
51.17362000,-115.564060,1409.0
51.17361000,-115.564120,1408.0
51.17360000,-115.564180,1408.0
51.17359000,-115.564230,1407.0
51.17358000,-115.564280,1406.0
51.17357000,-115.564340,1406.0
51.17357000,-115.564390,1405.0
51.17356000,-115.564440,1404.0
51.17356000,-115.564480,1404.0
51.17355000,-115.564530,1404.0
51.17355000,-115.564590,1404.0
51.17352000,-115.564650,1404.0
51.17350000,-115.564710,1404.0
51.17349000,-115.564770,1403.0
51.17348000,-115.564820,1403.0
51.17346000,-115.564870,1403.0
51.17346000,-115.564920,1403.0
51.17345000,-115.564970,1402.0
51.17346000,-115.565020,1402.0
51.17347000,-115.565080,1401.0
51.17348000,-115.565130,1401.0
51.17350000,-115.565180,1401.0
51.17352000,-115.565210,1401.0
51.17354000,-115.565250,1400.0
51.17356000,-115.565300,1400.0
51.17358000,-115.565340,1400.0
51.17360000,-115.565370,1400.0
51.17362000,-115.565410,1400.0
51.17364000,-115.565440,1400.0
51.17366000,-115.565470,1400.0
51.17368000,-115.565510,1400.0
51.17369000,-115.565550,1400.0
51.17371000,-115.565580,1399.0
51.17373000,-115.565610,1399.0
51.17376000,-115.565640,1399.0
51.17378000,-115.565670,1399.0
51.17380000,-115.565690,1399.0
51.17383000,-115.565720,1398.0
51.17386000,-115.565760,1398.0
51.17388000,-115.565780,1398.0
51.17390000,-115.565810,1398.0
51.17392000,-115.565850,1397.0
51.17394000,-115.565890,1397.0
51.17396000,-115.565930,1397.0
51.17398000,-115.565980,1397.0
51.17401000,-115.566010,1396.0
51.17403000,-115.566050,1396.0
51.17405000,-115.566090,1396.0
51.17406000,-115.566130,1396.0
51.17408000,-115.566170,1395.0
51.17410000,-115.566210,1395.0
51.17411000,-115.566250,1395.0
51.17413000,-115.566290,1394.0
51.17415000,-115.566320,1394.0
51.17416000,-115.566360,1394.0
51.17418000,-115.566400,1393.0
51.17419000,-115.566440,1393.0
51.17421000,-115.566490,1393.0
51.17422000,-115.566530,1392.0
51.17423000,-115.566580,1392.0
51.17424000,-115.566620,1392.0
51.17425000,-115.566670,1391.0
51.17425000,-115.566730,1391.0
51.17425000,-115.566790,1391.0
51.17426000,-115.566830,1391.0
51.17427000,-115.566890,1391.0
51.17427000,-115.566950,1390.0
51.17428000,-115.567000,1390.0
51.17428000,-115.567050,1390.0
51.17429000,-115.567100,1390.0
51.17429000,-115.567170,1390.0
51.17430000,-115.567230,1390.0
51.17430000,-115.567290,1390.0
51.17430000,-115.567350,1390.0
51.17431000,-115.567410,1390.0
51.17431000,-115.567450,1390.0
51.17431000,-115.567500,1390.0
51.17431000,-115.567550,1391.0
51.17431000,-115.567610,1391.0
51.17431000,-115.567670,1391.0
51.17431000,-115.567730,1391.0
51.17431000,-115.567790,1391.0
51.17430000,-115.567840,1391.0
51.17428000,-115.567880,1391.0
51.17426000,-115.567920,1391.0
51.17424000,-115.567950,1391.0
51.17422000,-115.567980,1391.0
51.17419000,-115.568020,1391.0
51.17415000,-115.568050,1391.0
51.17411000,-115.568060,1392.0
51.17409000,-115.568070,1392.0
51.17406000,-115.568080,1392.0
51.17403000,-115.568090,1392.0
51.17400000,-115.568100,1392.0
51.17396000,-115.568110,1392.0
51.17393000,-115.568120,1392.0
51.17389000,-115.568120,1392.0
51.17386000,-115.568140,1392.0
51.17381000,-115.568160,1391.0
51.17379000,-115.568170,1391.0
51.17375000,-115.568190,1391.0
51.17372000,-115.568210,1391.0
51.17369000,-115.568230,1391.0
51.17366000,-115.568260,1391.0
51.17364000,-115.568320,1391.0
51.17363000,-115.568370,1391.0
51.17362000,-115.568430,1390.0
51.17361000,-115.568480,1390.0
51.17361000,-115.568520,1390.0
51.17360000,-115.568570,1389.0
51.17359000,-115.568620,1389.0
51.17359000,-115.568670,1389.0
51.17360000,-115.568730,1389.0
51.17361000,-115.568780,1389.0
51.17361000,-115.568830,1389.0
51.17362000,-115.568880,1390.0
51.17362000,-115.568930,1390.0
51.17362000,-115.568990,1390.0
51.17361000,-115.569060,1389.0
51.17361000,-115.569120,1389.0
51.17361000,-115.569190,1389.0
51.17361000,-115.569260,1389.0
51.17363000,-115.569310,1390.0
51.17364000,-115.569360,1390.0
51.17363000,-115.569410,1390.0
51.17362000,-115.569470,1389.0
51.17361000,-115.569520,1389.0
51.17361000,-115.569570,1389.0
51.17359000,-115.569620,1388.0
51.17359000,-115.569680,1388.0
51.17359000,-115.569730,1388.0
51.17358000,-115.569780,1388.0
51.17358000,-115.569840,1388.0
51.17358000,-115.569890,1388.0
51.17358000,-115.569940,1388.0
51.17359000,-115.570010,1388.0
51.17359000,-115.570070,1388.0
51.17359000,-115.570120,1388.0
51.17359000,-115.570160,1388.0
51.17358000,-115.570210,1387.0
51.17357000,-115.570250,1387.0
51.17353000,-115.570260,1386.0
51.17350000,-115.570270,1386.0
51.17347000,-115.570270,1385.0
51.17345000,-115.570270,1385.0
51.17342000,-115.570260,1385.0
51.17338000,-115.570250,1384.0
51.17335000,-115.570220,1384.0
51.17333000,-115.570250,1383.0
51.17332000,-115.570300,1383.0
51.17332000,-115.570350,1383.0
51.17332000,-115.570300,1383.0
51.17333000,-115.570260,1383.0
51.17334000,-115.570220,1384.0
51.17334000,-115.570270,1384.0
51.17333000,-115.570230,1383.0
51.17336000,-115.570250,1384.0
51.17339000,-115.570270,1384.0
51.17342000,-115.570290,1385.0
51.17345000,-115.570300,1385.0
51.17349000,-115.570300,1386.0
51.17352000,-115.570310,1386.0
51.17354000,-115.570340,1386.0
51.17355000,-115.570410,1386.0
51.17355000,-115.570460,1386.0
51.17354000,-115.570500,1386.0
51.17354000,-115.570560,1386.0
51.17353000,-115.570620,1386.0
51.17352000,-115.570660,1386.0
51.17351000,-115.570710,1386.0
51.17349000,-115.570760,1386.0
51.17348000,-115.570800,1386.0
51.17346000,-115.570860,1385.0
51.17344000,-115.570890,1385.0
51.17342000,-115.570920,1385.0
51.17340000,-115.570960,1385.0
51.17338000,-115.571020,1385.0
51.17337000,-115.571060,1385.0
51.17337000,-115.571100,1385.0
51.17336000,-115.571160,1385.0
51.17336000,-115.571210,1385.0
51.17336000,-115.571270,1385.0
51.17334000,-115.571320,1385.0
51.17334000,-115.571390,1385.0
51.17335000,-115.571450,1385.0
51.17335000,-115.571510,1385.0
51.17335000,-115.571560,1385.0
51.17335000,-115.571610,1385.0
51.17335000,-115.571650,1385.0
51.17334000,-115.571700,1385.0
51.17334000,-115.571740,1385.0
51.17333000,-115.571790,1385.0
51.17333000,-115.571840,1385.0
51.17332000,-115.571890,1385.0
51.17332000,-115.571930,1385.0
51.17332000,-115.571980,1385.0
51.17331000,-115.572040,1385.0
51.17331000,-115.572090,1386.0
51.17330000,-115.572130,1386.0
51.17329000,-115.572170,1386.0
51.17328000,-115.572210,1385.0
51.17327000,-115.572270,1386.0
51.17326000,-115.572330,1386.0
51.17326000,-115.572380,1386.0
51.17325000,-115.572420,1386.0
51.17325000,-115.572470,1386.0
51.17324000,-115.572520,1386.0
51.17324000,-115.572560,1386.0
51.17323000,-115.572620,1386.0
51.17323000,-115.572680,1386.0
51.17322000,-115.572730,1386.0
51.17320000,-115.572780,1386.0
51.17319000,-115.572810,1385.0
51.17317000,-115.572850,1385.0
51.17316000,-115.572890,1384.0
51.17315000,-115.572940,1384.0
51.17314000,-115.572980,1384.0
51.17311000,-115.573010,1383.0
51.17311000,-115.573070,1383.0
51.17311000,-115.573130,1383.0
51.17311000,-115.573180,1383.0
51.17312000,-115.573240,1383.0
51.17314000,-115.573290,1383.0
51.17316000,-115.573320,1383.0
51.17318000,-115.573360,1382.0
51.17321000,-115.573390,1382.0
51.17325000,-115.573420,1382.0
51.17327000,-115.573430,1382.0
51.17331000,-115.573450,1382.0
51.17334000,-115.573460,1382.0
51.17336000,-115.573490,1382.0
51.17338000,-115.573540,1382.0
51.17339000,-115.573590,1382.0
51.17342000,-115.573630,1382.0
51.17344000,-115.573660,1382.0
51.17347000,-115.573690,1382.0
51.17349000,-115.573720,1382.0
51.17352000,-115.573760,1382.0
51.17354000,-115.573790,1382.0
51.17357000,-115.573820,1382.0
51.17360000,-115.573850,1382.0
51.17362000,-115.573870,1382.0
51.17364000,-115.573920,1382.0
51.17366000,-115.573960,1382.0
51.17368000,-115.573990,1382.0
51.17369000,-115.574050,1382.0
51.17371000,-115.574080,1382.0
51.17374000,-115.574130,1382.0
51.17376000,-115.574150,1382.0
51.17379000,-115.574170,1381.0
51.17383000,-115.574170,1381.0
51.17387000,-115.574170,1381.0
51.17390000,-115.574170,1381.0
51.17393000,-115.574170,1381.0
51.17396000,-115.574170,1381.0
51.17400000,-115.574170,1381.0
51.17404000,-115.574160,1382.0
51.17408000,-115.574160,1382.0
51.17411000,-115.574160,1382.0
51.17415000,-115.574160,1382.0
51.17418000,-115.574160,1382.0
51.17421000,-115.574160,1382.0
51.17424000,-115.574160,1382.0
51.17428000,-115.574160,1382.0
51.17431000,-115.574170,1382.0
51.17435000,-115.574170,1382.0
51.17438000,-115.574180,1382.0
51.17441000,-115.574190,1382.0
51.17444000,-115.574210,1382.0
51.17447000,-115.574210,1383.0
51.17450000,-115.574220,1383.0
51.17452000,-115.574240,1383.0
51.17455000,-115.574260,1383.0
51.17458000,-115.574280,1383.0
51.17460000,-115.574300,1383.0
51.17463000,-115.574320,1383.0
51.17466000,-115.574340,1383.0
51.17470000,-115.574360,1384.0
51.17473000,-115.574370,1384.0
51.17476000,-115.574390,1384.0
51.17478000,-115.574410,1384.0
51.17481000,-115.574420,1384.0
51.17484000,-115.574430,1384.0
51.17487000,-115.574440,1385.0
51.17489000,-115.574450,1385.0
51.17493000,-115.574470,1385.0
51.17497000,-115.574490,1385.0
51.17499000,-115.574500,1385.0
51.17503000,-115.574540,1385.0
51.17505000,-115.574560,1385.0
51.17508000,-115.574590,1385.0
51.17510000,-115.574610,1385.0
51.17512000,-115.574630,1385.0
51.17515000,-115.574640,1385.0
51.17519000,-115.574670,1385.0
51.17522000,-115.574690,1385.0
51.17525000,-115.574710,1385.0
51.17528000,-115.574730,1385.0
51.17531000,-115.574750,1385.0
51.17534000,-115.574770,1385.0
51.17537000,-115.574790,1385.0
51.17541000,-115.574810,1385.0
51.17544000,-115.574820,1385.0
51.17547000,-115.574860,1385.0
51.17550000,-115.574880,1385.0
51.17553000,-115.574900,1385.0
51.17556000,-115.574920,1385.0
51.17558000,-115.574940,1385.0
51.17562000,-115.574960,1384.0
51.17564000,-115.574970,1384.0
51.17567000,-115.574990,1384.0
51.17569000,-115.575010,1384.0
51.17572000,-115.575030,1384.0
51.17575000,-115.575050,1383.0
51.17578000,-115.575070,1383.0
51.17581000,-115.575090,1383.0
51.17583000,-115.575110,1383.0
51.17586000,-115.575120,1383.0
51.17589000,-115.575140,1383.0
51.17592000,-115.575150,1383.0
51.17595000,-115.575150,1383.0
51.17598000,-115.575160,1383.0
51.17601000,-115.575160,1383.0
51.17604000,-115.575170,1383.0
51.17607000,-115.575180,1383.0
51.17611000,-115.575200,1383.0
51.17614000,-115.575200,1383.0
51.17617000,-115.575210,1383.0
51.17621000,-115.575210,1383.0
51.17624000,-115.575200,1383.0
51.17627000,-115.575210,1383.0
51.17630000,-115.575220,1383.0
51.17633000,-115.575230,1383.0
51.17636000,-115.575240,1383.0
51.17639000,-115.575250,1383.0
51.17642000,-115.575260,1383.0
51.17646000,-115.575270,1383.0
51.17649000,-115.575270,1383.0
51.17652000,-115.575280,1383.0
51.17655000,-115.575290,1383.0
51.17658000,-115.575300,1383.0
51.17661000,-115.575310,1383.0
51.17665000,-115.575330,1383.0
51.17669000,-115.575340,1383.0
51.17672000,-115.575360,1383.0
51.17675000,-115.575380,1383.0
51.17678000,-115.575400,1383.0
51.17682000,-115.575430,1383.0
51.17684000,-115.575440,1383.0
51.17687000,-115.575460,1383.0
51.17690000,-115.575480,1383.0
51.17693000,-115.575500,1383.0
51.17695000,-115.575520,1384.0
51.17698000,-115.575560,1384.0
51.17701000,-115.575590,1384.0
51.17704000,-115.575610,1384.0
51.17706000,-115.575640,1383.0
51.17709000,-115.575660,1383.0
51.17712000,-115.575690,1383.0
51.17715000,-115.575710,1384.0
51.17719000,-115.575740,1384.0
51.17723000,-115.575760,1384.0
51.17727000,-115.575770,1384.0
51.17731000,-115.575790,1384.0
51.17735000,-115.575810,1384.0
51.17737000,-115.575840,1384.0
51.17740000,-115.575870,1384.0
51.17742000,-115.575910,1384.0
51.17745000,-115.575950,1384.0
51.17747000,-115.575990,1384.0
51.17749000,-115.576040,1384.0
51.17751000,-115.576060,1385.0
51.17754000,-115.576100,1385.0
51.17757000,-115.576130,1385.0
51.17759000,-115.576160,1384.0
51.17761000,-115.576190,1384.0
51.17763000,-115.576220,1384.0
51.17765000,-115.576260,1384.0
51.17768000,-115.576290,1384.0
51.17770000,-115.576320,1384.0
51.17773000,-115.576350,1384.0
51.17775000,-115.576380,1383.0
51.17777000,-115.576420,1383.0
51.17779000,-115.576450,1383.0
51.17782000,-115.576500,1383.0
51.17784000,-115.576540,1383.0
51.17787000,-115.576580,1382.0
51.17790000,-115.576610,1382.0
51.17793000,-115.576640,1382.0
51.17797000,-115.576690,1382.0
51.17800000,-115.576720,1382.0
51.17802000,-115.576740,1382.0
51.17805000,-115.576760,1382.0
51.17808000,-115.576780,1382.0
51.17811000,-115.576790,1382.0
51.17814000,-115.576800,1383.0
51.17817000,-115.576820,1383.0
51.17820000,-115.576840,1383.0
51.17824000,-115.576870,1383.0
51.17827000,-115.576880,1383.0
51.17831000,-115.576900,1384.0
51.17834000,-115.576920,1384.0
51.17837000,-115.576960,1384.0
51.17840000,-115.576980,1384.0
51.17842000,-115.577010,1384.0
51.17845000,-115.577030,1384.0
51.17847000,-115.577050,1384.0
51.17850000,-115.577070,1384.0
51.17852000,-115.577100,1384.0
51.17855000,-115.577130,1384.0
51.17858000,-115.577150,1385.0
51.17861000,-115.577170,1385.0
51.17865000,-115.577200,1385.0
51.17867000,-115.577230,1385.0
51.17869000,-115.577260,1385.0
51.17872000,-115.577290,1385.0
51.17875000,-115.577310,1385.0
51.17878000,-115.577330,1385.0
51.17881000,-115.577350,1385.0
51.17884000,-115.577380,1385.0
51.17887000,-115.577400,1385.0
51.17889000,-115.577420,1385.0
51.17893000,-115.577460,1385.0
51.17895000,-115.577490,1385.0
51.17898000,-115.577520,1385.0
51.17900000,-115.577550,1385.0
51.17903000,-115.577570,1386.0
51.17905000,-115.577590,1386.0
51.17908000,-115.577610,1386.0
51.17911000,-115.577640,1386.0
51.17913000,-115.577660,1386.0
51.17916000,-115.577680,1386.0
51.17919000,-115.577710,1386.0
51.17921000,-115.577740,1386.0
51.17924000,-115.577760,1386.0
51.17926000,-115.577790,1386.0
51.17929000,-115.577810,1386.0
51.17931000,-115.577840,1386.0
51.17933000,-115.577870,1386.0
51.17936000,-115.577900,1385.0
51.17938000,-115.577930,1385.0
51.17940000,-115.577960,1385.0
51.17942000,-115.578000,1385.0
51.17944000,-115.578030,1385.0
51.17946000,-115.578060,1384.0
51.17949000,-115.578090,1384.0
51.17951000,-115.578120,1384.0
51.17953000,-115.578140,1384.0
51.17956000,-115.578180,1384.0
51.17958000,-115.578200,1384.0
51.17961000,-115.578230,1383.0
51.17964000,-115.578240,1383.0
51.17967000,-115.578250,1383.0
51.17971000,-115.578250,1383.0
51.17975000,-115.578230,1382.0
51.17978000,-115.578220,1382.0
51.17981000,-115.578220,1382.0
51.17984000,-115.578230,1382.0
51.17988000,-115.578250,1382.0
51.17991000,-115.578260,1382.0
51.17993000,-115.578280,1382.0
51.17996000,-115.578300,1382.0
51.17999000,-115.578320,1382.0
51.18002000,-115.578340,1382.0
51.18006000,-115.578360,1382.0
51.18008000,-115.578380,1382.0
51.18011000,-115.578400,1382.0
51.18014000,-115.578420,1382.0
51.18017000,-115.578430,1382.0
51.18019000,-115.578450,1383.0
51.18022000,-115.578470,1383.0
51.18025000,-115.578490,1383.0
51.18028000,-115.578510,1383.0
51.18030000,-115.578530,1383.0
51.18034000,-115.578550,1383.0
51.18036000,-115.578570,1383.0
51.18039000,-115.578590,1383.0
51.18042000,-115.578610,1384.0
51.18045000,-115.578630,1384.0
51.18047000,-115.578650,1384.0
51.18050000,-115.578660,1384.0
51.18053000,-115.578670,1384.0
51.18056000,-115.578690,1384.0
51.18058000,-115.578710,1384.0
51.18061000,-115.578730,1384.0
51.18064000,-115.578760,1384.0
51.18067000,-115.578780,1384.0
51.18070000,-115.578820,1384.0
51.18073000,-115.578850,1384.0
51.18076000,-115.578860,1384.0
51.18078000,-115.578880,1384.0
51.18081000,-115.578900,1384.0
51.18083000,-115.578920,1385.0
51.18087000,-115.578960,1385.0
51.18090000,-115.578980,1385.0
51.18092000,-115.579000,1385.0
51.18096000,-115.579030,1385.0
51.18099000,-115.579050,1386.0
51.18102000,-115.579070,1386.0
51.18105000,-115.579080,1386.0
51.18108000,-115.579100,1386.0
51.18111000,-115.579110,1386.0
51.18114000,-115.579140,1387.0
51.18118000,-115.579170,1387.0
51.18121000,-115.579190,1387.0
51.18124000,-115.579220,1387.0
51.18126000,-115.579250,1387.0
51.18127000,-115.579300,1387.0
51.18127000,-115.579340,1387.0
51.18126000,-115.579380,1387.0
51.18124000,-115.579420,1387.0
51.18122000,-115.579480,1387.0
51.18121000,-115.579530,1387.0
51.18120000,-115.579580,1387.0
51.18120000,-115.579640,1388.0
51.18119000,-115.579700,1388.0
51.18118000,-115.579740,1388.0
51.18117000,-115.579800,1388.0
51.18116000,-115.579850,1388.0
51.18117000,-115.579890,1388.0
51.18118000,-115.579940,1388.0
51.18119000,-115.579980,1388.0
51.18121000,-115.580030,1388.0
51.18124000,-115.580070,1389.0
51.18127000,-115.580090,1389.0
51.18130000,-115.580120,1389.0
51.18132000,-115.580150,1390.0
51.18135000,-115.580180,1390.0
51.18138000,-115.580210,1390.0
51.18140000,-115.580240,1390.0
51.18142000,-115.580270,1391.0
51.18145000,-115.580300,1391.0
51.18147000,-115.580330,1391.0
51.18149000,-115.580360,1391.0
51.18152000,-115.580390,1391.0
51.18154000,-115.580400,1391.0
51.18156000,-115.580450,1391.0
51.18158000,-115.580490,1391.0
51.18161000,-115.580530,1391.0
51.18163000,-115.580560,1392.0
51.18165000,-115.580600,1392.0
51.18167000,-115.580640,1392.0
51.18167000,-115.580690,1392.0
51.18168000,-115.580740,1392.0
51.18168000,-115.580790,1392.0
51.18168000,-115.580850,1393.0
51.18167000,-115.580900,1393.0
51.18167000,-115.580970,1393.0
51.18166000,-115.581030,1392.0
51.18165000,-115.581090,1392.0
51.18163000,-115.581130,1392.0
51.18162000,-115.581180,1392.0
51.18161000,-115.581230,1392.0
51.18159000,-115.581280,1392.0
51.18157000,-115.581330,1392.0
51.18155000,-115.581370,1392.0
51.18153000,-115.581430,1392.0
51.18151000,-115.581480,1391.0
51.18149000,-115.581520,1391.0
51.18148000,-115.581570,1391.0
51.18145000,-115.581600,1391.0
51.18142000,-115.581650,1391.0
51.18140000,-115.581690,1391.0
51.18139000,-115.581740,1390.0
51.18139000,-115.581790,1390.0
51.18137000,-115.581840,1390.0
51.18137000,-115.581890,1390.0
51.18140000,-115.581930,1390.0
51.18141000,-115.581970,1390.0
51.18143000,-115.582010,1390.0
51.18145000,-115.582050,1390.0
51.18148000,-115.582090,1390.0
51.18151000,-115.582130,1390.0
51.18153000,-115.582160,1391.0
51.18156000,-115.582180,1391.0
51.18160000,-115.582210,1391.0
51.18163000,-115.582250,1391.0
51.18165000,-115.582290,1391.0
51.18167000,-115.582320,1392.0
51.18170000,-115.582370,1392.0
51.18172000,-115.582400,1392.0
51.18174000,-115.582440,1392.0
51.18176000,-115.582490,1392.0
51.18178000,-115.582530,1392.0
51.18180000,-115.582570,1392.0
51.18183000,-115.582600,1393.0
51.18185000,-115.582640,1393.0
51.18188000,-115.582690,1393.0
51.18189000,-115.582740,1393.0
51.18190000,-115.582780,1393.0
51.18193000,-115.582820,1393.0
51.18196000,-115.582860,1393.0
51.18199000,-115.582890,1393.0
51.18202000,-115.582910,1393.0
51.18204000,-115.582950,1393.0
51.18207000,-115.582970,1393.0
51.18210000,-115.583000,1393.0
51.18214000,-115.583030,1393.0
51.18218000,-115.583050,1393.0
51.18220000,-115.583080,1393.0
51.18222000,-115.583120,1393.0
51.18225000,-115.583140,1394.0
51.18228000,-115.583160,1394.0
51.18230000,-115.583180,1394.0
51.18234000,-115.583190,1394.0
51.18237000,-115.583190,1394.0
51.18240000,-115.583210,1394.0
51.18243000,-115.583230,1394.0
51.18245000,-115.583260,1394.0
51.18248000,-115.583280,1394.0
51.18251000,-115.583310,1393.0
51.18254000,-115.583330,1393.0
51.18256000,-115.583360,1393.0
51.18259000,-115.583380,1393.0
51.18262000,-115.583390,1393.0
51.18265000,-115.583400,1393.0
51.18269000,-115.583420,1393.0
51.18271000,-115.583440,1393.0
51.18275000,-115.583450,1393.0
51.18279000,-115.583450,1393.0
51.18282000,-115.583450,1393.0
51.18284000,-115.583450,1393.0
51.18288000,-115.583460,1393.0
51.18291000,-115.583480,1394.0
51.18294000,-115.583510,1394.0
51.18298000,-115.583520,1394.0
51.18300000,-115.583550,1394.0
51.18303000,-115.583580,1394.0
51.18306000,-115.583610,1394.0
51.18310000,-115.583630,1394.0
51.18314000,-115.583630,1394.0
51.18317000,-115.583640,1394.0
51.18321000,-115.583650,1394.0
51.18325000,-115.583640,1394.0
51.18328000,-115.583630,1394.0
51.18331000,-115.583630,1394.0
51.18334000,-115.583630,1394.0
51.18338000,-115.583620,1393.0
51.18341000,-115.583620,1393.0
51.18344000,-115.583620,1393.0
51.18348000,-115.583620,1393.0
51.18351000,-115.583620,1393.0
51.18354000,-115.583620,1393.0
51.18357000,-115.583620,1393.0
51.18361000,-115.583620,1393.0
51.18364000,-115.583620,1392.0
51.18367000,-115.583620,1392.0
51.18369000,-115.583620,1392.0
51.18374000,-115.583630,1392.0
51.18377000,-115.583630,1391.0
51.18380000,-115.583610,1391.0
51.18383000,-115.583580,1391.0
51.18387000,-115.583550,1390.0
51.18391000,-115.583530,1390.0
51.18394000,-115.583510,1390.0
51.18398000,-115.583490,1390.0
51.18401000,-115.583460,1390.0
51.18401000,-115.583400,1390.0
51.18402000,-115.583350,1390.0
51.18402000,-115.583280,1390.0
51.18404000,-115.583230,1390.0
51.18405000,-115.583190,1390.0
51.18406000,-115.583130,1390.0
51.18407000,-115.583070,1390.0
51.18407000,-115.583020,1390.0
51.18408000,-115.582970,1390.0
51.18409000,-115.582920,1390.0
51.18410000,-115.582880,1390.0
51.18411000,-115.582840,1390.0
51.18412000,-115.582780,1389.0
51.18412000,-115.582730,1389.0
51.18413000,-115.582690,1389.0
51.18414000,-115.582650,1389.0
51.18416000,-115.582610,1388.0
51.18415000,-115.582570,1388.0
51.18417000,-115.582600,1388.0
51.18419000,-115.582630,1388.0
51.18417000,-115.582670,1389.0
51.18418000,-115.582660,1389.0
